file_name,split_open
images/t001/CAluWEgwPX.JPG,train
images/t001/EKyrFKHQzh.JPG,train
images/t001/ELAvEqeXxT.JPG,train
images/t001/IxRLFwTGCv.JPG,train
images/t001/LKCJAhfLBJ.JPG,train
images/t001/LZystXlIqe.JPG,train
images/t001/OiaMESWPyh.JPG,train
images/t001/VMyJozldvy.jpg,train
images/t001/XhbkFIOvZr.JPG,train
images/t001/ZKnMahXQgJ.JPG,train
images/t001/ZkWKNtWbVK.JPG,train
images/t001/anuJvqUqBB.JPG,train
images/t001/dLFculJDGP.JPG,train
images/t001/iiWUAXGTRk.JPG,train
images/t001/kTIpheVAuj.JPG,train
images/t001/oYBbBMeIrc.JPG,train
images/t001/rArWeMiEhi.JPG,train
images/t001/tIpzeVcJbR.JPG,train
images/t001/txgBopXzbZ.jpg,train
images/t001/uUVqsYByEj.JPG,train
images/t001/xldQLnWiRI.JPG,train
images/t001/zgOfklUqJC.JPG,train
images/t002/AWKZYHmepZ.JPG,train
images/t002/AyPUCFEHdl.JPG,train
images/t002/DrqbIVqYxx.JPG,train
images/t002/EjSeeiwrpz.JPG,train
images/t002/PnzurZBZbL.JPG,train
images/t002/SuPxFCvAob.jpg,train
images/t002/UIuKdSOZUI.JPG,train
images/t002/dFtPHvFXhQ.JPG,train
images/t002/dyrWnymJcS.jpg,train
images/t002/hPCHQNBqcs.JPG,train
images/t002/lhCREWlJLu.JPG,train
images/t002/mfzYdIbukk.jpg,train
images/t002/nbXkFSMdaZ.JPG,train
images/t002/pIHJimnzHb.JPG,train
images/t002/sSnmlGIDhj.JPG,train
images/t002/ufuwGirQLa.JPG,train
images/t002/waDhOeKzuw.jpg,train
images/t003/ETwjGRaQuO.JPG,train
images/t003/IbJfsmXgdi.jpg,train
images/t003/IsRboHQOvH.jpg,train
images/t003/JTJxSLImUS.jpg,train
images/t003/PwTyQxtigI.JPG,train
images/t003/RvpUYKwcYw.jpg,train
images/t003/SHZVAvsIpG.JPG,train
images/t003/TDVKNFzKkC.jpg,train
images/t003/UEQGSXvhff.jpg,train
images/t003/WdawXRghVK.jpg,train
images/t003/YZQHThUwDf.jpg,train
images/t003/ZToiMYHZgd.jpg,train
images/t003/aDgJZmrrTT.jpg,train
images/t003/bAsFeiqsYc.jpg,train
images/t003/fTHsesuTHC.JPG,train
images/t003/gkXVeMpaGy.JPG,train
images/t003/iNwxCyamyr.JPG,train
images/t003/qxoAjUErxq.JPG,train
images/t003/tMOUElhljO.JPG,train
images/t003/zlkamyNHCP.jpg,train
images/t004/ABuUaTxraz.jpg,train
images/t004/BaeAeoSXhY.JPG,train
images/t004/DBIYKSPapV.jpg,train
images/t004/DJCSPZOvwy.JPG,train
images/t004/DUtMXuyKUB.JPG,train
images/t004/ECpeXxeMsd.JPG,train
images/t004/ESNBlsdTpx.JPG,train
images/t004/ETeBOTKqcf.JPG,train
images/t004/GOjPAjgzIa.JPG,train
images/t004/HvWBuYopvg.JPG,train
images/t004/IMEfzVXYDG.JPG,train
images/t004/IPDPLObGot.JPG,train
images/t004/ImWKHwkZLP.jpg,train
images/t004/IrAQtrWqPb.jpg,train
images/t004/KooRzgwBTy.jpg,train
images/t004/MHGOaDZCbV.jpg,train
images/t004/MrzJgLCwXQ.jpg,train
images/t004/MzIRwubLJv.jpg,train
images/t004/NMHHaXjPLW.JPG,train
images/t004/NZesflDnhD.JPG,train
images/t004/NnzPkEXOJI.jpg,train
images/t004/OCIYGKxbXH.jpg,train
images/t004/OKKtfiJEph.JPG,train
images/t004/PxsdqRGBPt.JPG,train
images/t004/QYXkRurBBL.JPG,train
images/t004/SAVdswKblZ.JPG,train
images/t004/TNMlJNQxaz.jpg,train
images/t004/VEmdnrnZaq.jpg,train
images/t004/WdDLexzwWs.jpg,train
images/t004/WtDkexOcPu.JPG,train
images/t004/WubhiUouNb.JPG,train
images/t004/XdJuTkuhjR.jpg,train
images/t004/YrnlzGqgoP.jpg,train
images/t004/aLyJUYVQvW.jpg,train
images/t004/bvLmAVTbCI.JPG,train
images/t004/cOhVFuQqFb.JPG,train
images/t004/dINEzwvtNh.JPG,train
images/t004/dLStUgZiYK.JPG,train
images/t004/jDsPpMVIQh.jpg,train
images/t004/kKVWweSZts.JPG,train
images/t004/koFAOTQqId.jpg,train
images/t004/kqGflQwhSL.jpg,train
images/t004/lViAyETNRK.jpg,train
images/t004/lWaKTGEqNQ.jpg,train
images/t004/myJquAdOaf.JPG,train
images/t004/nEXKYosGOF.JPG,train
images/t004/onJBUEeONU.JPG,train
images/t004/pAeOVOUzVp.JPG,train
images/t004/qATtissSDz.jpg,train
images/t004/tTkLUOXcLP.JPG,train
images/t004/wLqHmKDeHY.JPG,train
images/t004/xmmXsMoazM.JPG,train
images/t004/yQKABaiVBh.JPG,train
images/t004/zUgSLZzQOb.JPG,train
images/t004/zhiLHwIChB.JPG,train
images/t004/zspGDpFCHZ.jpg,train
images/t006/IwlHBilGrP.jpg,train
images/t006/NVvCgDiDnf.jpg,train
images/t006/OftsohIPPw.jpg,train
images/t006/OkVkJUWvVm.JPG,train
images/t006/WyYFDfbwGZ.JPG,train
images/t006/dFJLspgzYe.jpg,train
images/t007/CLpmJBGkbs.JPG,train
images/t007/CzHEKFUzuc.JPG,train
images/t007/EDMZqlcNaE.JPG,train
images/t007/FFPKIUIHNz.JPG,train
images/t007/GFIBNmiBxN.JPG,train
images/t007/MlwrRPzear.jpg,train
images/t007/QHJmFYXtJo.JPG,train
images/t007/SMZJAyUsQK.jpg,train
images/t007/WlWDJkhtOV.JPG,train
images/t007/WyJWqmSOrD.JPG,train
images/t007/XHnaJnVEVV.JPG,train
images/t007/ZDGmClBeMt.JPG,train
images/t007/aAfeJIMWyq.JPG,train
images/t007/aBQqUVaFtt.JPG,train
images/t007/avmcdAulEj.JPG,train
images/t007/azzPbkqWgO.JPG,train
images/t007/dCBUzfBpsu.JPG,train
images/t007/eYdtkAdyqQ.JPG,train
images/t007/fSlnRyhNMF.JPG,train
images/t007/hSrgcUfofB.JPG,train
images/t007/itBJLpTXdb.JPG,train
images/t007/mxtsUWgyZP.JPG,train
images/t007/pBRIlcvUCQ.JPG,train
images/t007/tBBfPsgDEy.JPG,train
images/t007/tGosBfkLnc.JPG,train
images/t007/tgwcyZBmCW.JPG,train
images/t007/vOiTTqYJor.JPG,train
images/t007/vUeJgjSgvr.JPG,train
images/t008/AoWnZBhmzJ.JPG,train
images/t008/HFscFvXgkE.JPG,train
images/t008/HOtErXfaSN.JPG,train
images/t008/HRgunEBVpR.JPG,train
images/t008/KZYlaPjqgI.JPG,train
images/t008/MLIpSizqjz.JPG,train
images/t008/OaKjhEHFMX.jpg,train
images/t008/PaXakrkxqN.JPG,train
images/t008/QYYyqViFZB.JPG,train
images/t008/SnDvMSOKAL.JPG,train
images/t008/ThyeqIOoad.JPG,train
images/t008/UFBYQOLBkb.JPG,train
images/t008/UQeOYJQWeL.JPG,train
images/t008/XZZfWTTavh.JPG,train
images/t008/XrNItFREJD.JPG,train
images/t008/cqErMgVHsT.JPG,train
images/t008/fRMYzeAnNR.JPG,train
images/t008/gPXNfoQpNl.JPG,train
images/t008/iUFhSWkvnh.JPG,train
images/t008/icLogJaqir.JPG,train
images/t008/jydLvgfWLe.JPG,train
images/t008/tMLBqZQcBJ.jpg,train
images/t008/vQJyxhLvfN.JPG,train
images/t008/yIllHKfuLY.JPG,train
images/t009/DZsjswXuXw.JPG,train
images/t009/IeLnTiiBZv.JPG,train
images/t009/Tumrysvqrj.JPG,train
images/t009/UJYfdjvmbk.JPG,train
images/t009/VUcMzyxGOw.jpg,train
images/t009/VyPCpULOKW.jpg,train
images/t009/XLBwMkREyk.JPG,train
images/t009/XbeufxZcEN.JPG,train
images/t009/YFMIBcuVsf.JPG,train
images/t009/gzwUvYbPJL.JPG,train
images/t009/ilqkhWPRFn.JPG,train
images/t009/kRYDRNOubt.JPG,train
images/t009/ntmLZYFjUI.JPG,train
images/t009/pRQFUsryQe.JPG,train
images/t009/qiuOMakHda.jpg,train
images/t009/qrxJxfUwiL.jpg,train
images/t009/zFbPBYpLNM.JPG,train
images/t009/zSYibOFYSL.JPG,train
images/t011/EHJLZmdtKU.JPG,train
images/t011/RgBxTexvyE.JPG,train
images/t011/VEUvAPsCeJ.jpg,train
images/t011/fIzcwrVwwG.JPG,train
images/t011/jXMaAUSoeK.jpg,train
images/t011/luLBbWzeXj.jpg,train
images/t013/ACbKDvUxxW.JPG,train
images/t013/DQNUTnnacX.JPG,train
images/t013/FHMoYdKVUr.JPG,train
images/t013/HbnHNpSytC.JPG,train
images/t013/JBidbsXXvc.JPG,train
images/t013/JoNrTIBuFk.JPG,train
images/t013/QaQIEkSbSu.JPG,train
images/t013/SRAelbSpzx.JPG,train
images/t013/aSXFhbgKde.JPG,train
images/t013/fYnObqRhFw.JPG,train
images/t013/fcoDcPyDWG.JPG,train
images/t013/gUTDjmwAmo.JPG,train
images/t013/hCAiuoPMMM.JPG,train
images/t013/jMetZTZbwS.JPG,train
images/t013/ohnhOhmVOu.JPG,train
images/t013/pKflOWiZHw.JPG,train
images/t013/vxRVQEktRv.JPG,train
images/t013/xwvUFHmfeY.JPG,train
images/t014/EOVFsTzHGQ.jpg,train
images/t014/EPsVTebjNH.jpg,train
images/t014/EXWoBUQqIz.JPG,train
images/t014/HnaopfcuAh.JPG,train
images/t014/MXlGGggzMM.JPG,train
images/t014/MpQsCLYeYI.JPG,train
images/t014/NRaSIpdMKg.JPG,train
images/t014/NZdNiMlNvp.jpg,train
images/t014/OMKlKjgjXP.JPG,train
images/t014/PCAUwfOBTg.JPG,train
images/t014/QsUuOMMWUC.jpg,train
images/t014/XxxXoGIugj.JPG,train
images/t014/atANwmuuCz.JPG,train
images/t014/bmcTivodOh.JPG,train
images/t014/cbzvbaICnP.JPG,train
images/t014/coqFBiccSU.JPG,train
images/t014/dfxxiMUBto.jpg,train
images/t014/hFlKWntsYD.JPG,train
images/t014/hWtBSkXsmh.JPG,train
images/t014/ihMILpMXhS.JPG,train
images/t014/ildyupfVjO.jpg,train
images/t014/jUvdVfamjr.JPG,train
images/t014/myXSgZbtbV.JPG,train
images/t014/oKYSBlPEDo.JPG,train
images/t014/oZdxIRrOXD.JPG,train
images/t014/ogbBmNlFrK.JPG,train
images/t014/rREEveiEWc.jpg,train
images/t014/uZeVZuARZw.JPG,train
images/t014/uthugUiCIn.JPG,train
images/t014/vdnoNEqntY.JPG,train
images/t015/ADimiadjYJ.JPG,train
images/t015/AKUdpVWgKw.JPG,train
images/t015/EQYFaymTfa.jpg,train
images/t015/FIrdUoBeUW.JPG,train
images/t015/FdOOimmiri.JPG,train
images/t015/FpwCCsfDdP.JPG,train
images/t015/FtujhFxKeA.JPG,train
images/t015/GWtnFEikkn.JPG,train
images/t015/LEXMnoZKuf.JPG,train
images/t015/LnwrUWTYDo.JPG,train
images/t015/MFNmEDNBUK.jpg,train
images/t015/MdFUOwgQUK.JPG,train
images/t015/OWcBbazKQQ.JPG,train
images/t015/REhhdpptJO.JPG,train
images/t015/RIizUgudMh.jpg,train
images/t015/SeYPytcTDB.JPG,train
images/t015/TLlycWcrWj.JPG,train
images/t015/UPlYyFedfP.JPG,train
images/t015/UWsfuDjDeK.JPG,train
images/t015/UYpYFFfKie.JPG,train
images/t015/VFWArtizqJ.JPG,train
images/t015/XXvJVLofKC.JPG,train
images/t015/aPcSJkJSkO.JPG,train
images/t015/cafANAEduP.JPG,train
images/t015/crkOHogPwz.JPG,train
images/t015/gOqKqrOqQH.JPG,train
images/t015/hSIoWoWAEk.JPG,train
images/t015/hqnOolqbuC.JPG,train
images/t015/lUnvlnOppL.JPG,train
images/t015/noNeHwSKlN.JPG,train
images/t015/phHaHfbzWN.jpg,train
images/t015/sDqxbQhOsL.JPG,train
images/t015/uTSvPfTNkG.JPG,train
images/t015/wEfIloqbbB.JPG,train
images/t015/weeZDMCjiT.JPG,train
images/t015/zdLDspfRVp.JPG,train
images/t016/YveQpkwwCK.JPG,train
images/t016/ZRArKDikbu.JPG,train
images/t016/bdfZQQcmQa.JPG,train
images/t016/dluhVmVVbR.JPG,train
images/t016/gWBwrbTZDy.JPG,train
images/t016/tIolaEevax.JPG,train
images/t017/BOOcXBRyLd.JPG,train
images/t017/DmXkxZiqvv.JPG,train
images/t017/OpmyWiBwzv.JPG,train
images/t017/PDhvdXVarJ.JPG,train
images/t017/QpUybuiYFS.JPG,train
images/t017/SzMcvaRWjh.JPG,train
images/t017/UMgfcWLuQX.JPG,train
images/t017/XbHREWHeCp.JPG,train
images/t017/Zrivdfilmy.JPG,train
images/t017/aUdATtMOgx.JPG,train
images/t017/fDVyMRgnLy.JPG,train
images/t017/jnFfkmhfzm.JPG,train
images/t017/kXIdImcyGD.JPG,train
images/t017/pvlpeHYxKW.JPG,train
images/t017/rPoIjHRQgM.JPG,train
images/t017/vCeOnThrIP.JPG,train
images/t018/GnZhndhwsi.JPG,train
images/t018/HtQnzGbfhY.JPG,train
images/t018/NjnZjcKbQw.jpg,train
images/t018/OoCbxLygTN.JPG,train
images/t018/QAAPYCgfFA.JPG,train
images/t018/WjQvuERXEO.JPG,train
images/t018/XdHhNyEnWF.JPG,train
images/t018/XeYmLcnTlm.JPG,train
images/t018/XlmZVmlkHe.JPG,train
images/t018/eHFUlqkSdp.JPG,train
images/t018/fOJfmEmKaE.JPG,train
images/t018/gDfArvTGCV.JPG,train
images/t018/hRljZWGiQD.JPG,train
images/t018/hbwODEVftn.JPG,train
images/t018/iZiwfCAqyR.JPG,train
images/t018/jVlKbxnzlQ.JPG,train
images/t018/kHuqTGodRE.JPG,train
images/t018/kUufrZWSdT.JPG,train
images/t018/oYXQAsbJXf.JPG,train
images/t018/oaOwZjLaqA.JPG,train
images/t018/sBgNXYZCbl.JPG,train
images/t018/sSGfwFcVjn.JPG,train
images/t018/uXZRJpKqVU.jpg,train
images/t018/urhJLaPuku.jpg,train
images/t019/IGEDlUWUGW.JPG,train
images/t019/TwpuPKfrMh.JPG,train
images/t019/exFOpNbDOp.JPG,train
images/t019/fdUBLaBEvx.jpg,train
images/t019/nhTeuENuGK.JPG,train
images/t019/teAXWqmYCY.jpg,train
images/t020/ACJaeIphOE.JPG,train
images/t020/FbsvEBoCUt.JPG,train
images/t020/GsDHYeuuPQ.JPG,train
images/t020/GyPFTaovuq.JPG,train
images/t020/HLyNIwARbU.JPG,train
images/t020/HhtIXGXRcE.JPG,train
images/t020/HxoUyQpSeG.JPG,train
images/t020/JQjwvVvWvm.JPG,train
images/t020/JrTfNUunFj.JPG,train
images/t020/OUYzbRZIlf.JPG,train
images/t020/RhZiDloeso.JPG,train
images/t020/YaGEUDOxLU.JPG,train
images/t020/aHVDbxNCsM.JPG,train
images/t020/bOKksnxlvV.JPG,train
images/t020/coXvlCVKdt.JPG,train
images/t020/fGqpfwVmIK.JPG,train
images/t020/fViOzHEVZu.JPG,train
images/t020/fgszSjhoHa.JPG,train
images/t020/fkAuLEZhmK.JPG,train
images/t020/gfCYYepbkj.JPG,train
images/t020/gnmdwPpUZX.JPG,train
images/t020/hfoMHiCeuk.JPG,train
images/t020/hzpLsSfKey.JPG,train
images/t020/ikvSHveviQ.JPG,train
images/t020/jGpjnHKBOu.JPG,train
images/t020/kLtNDzZVSx.JPG,train
images/t020/owuCxsSmNZ.JPG,train
images/t020/oymadhDihf.JPG,train
images/t020/sxtrvIQYIE.JPG,train
images/t020/tENElHjbZx.JPG,train
images/t020/tSIVyrFUln.JPG,train
images/t020/ubgaYCHKme.JPG,train
images/t020/vEjqPoUWeS.JPG,train
images/t020/wPIALXtsxd.JPG,train
images/t020/xGyriPtrMU.JPG,train
images/t020/xlTXmFTvek.JPG,train
images/t021/CmYqeoluJq.jpg,train
images/t021/DRzSqEmREy.JPG,train
images/t021/EvEvHlOYDp.JPG,train
images/t021/GiqysmRyEd.JPG,train
images/t021/HIkBkzgmjp.jpg,train
images/t021/NtKUptYfgU.JPG,train
images/t021/PILmqYOdYq.JPG,train
images/t021/SBUYDJbrxc.JPG,train
images/t021/SyMkdXQDbo.JPG,train
images/t021/XjLBsBvIkG.JPG,train
images/t021/ZmVYSxQFCR.JPG,train
images/t021/cbkIIFdUbK.JPG,train
images/t021/gmwXGQmoLd.JPG,train
images/t021/oobHXCckqo.jpg,train
images/t021/sOGSAjJsTW.JPG,train
images/t021/tDVkUVHLRK.JPG,train
images/t021/uajaUWzoLe.JPG,train
images/t021/vbjsoJnfHg.JPG,train
images/t022/BMTgxSxSGr.JPG,train
images/t022/GlbieCyQhx.JPG,train
images/t022/HqltsXKZdr.JPG,train
images/t022/JVhWulvgEF.JPG,train
images/t022/PXPwSSXPor.JPG,train
images/t022/QGaEMdiNJC.JPG,train
images/t022/TIfxUrzuKP.JPG,train
images/t022/WNzLbodFhu.JPG,train
images/t022/WhiRfFPzBJ.JPG,train
images/t022/XMbSfBbZUY.JPG,train
images/t022/afcuWglSmW.JPG,train
images/t022/csLAYFcMRQ.JPG,train
images/t022/eQdIlSwMTg.JPG,train
images/t022/jHJOLeGjfM.JPG,train
images/t022/jXHCjQbeJp.JPG,train
images/t022/lzZcPjYSye.JPG,train
images/t022/rYhhhiNpvL.JPG,train
images/t022/raAMnpTUWx.JPG,train
images/t022/sreQCEYdkU.JPG,train
images/t022/wEjPYvtmBu.JPG,train
images/t022/wwaKIffzVZ.JPG,train
images/t023/AKOFtQyjtX.JPG,train
images/t023/CMTutQfpan.JPG,train
images/t023/GSCUgXKmJm.JPG,train
images/t023/GbMUtabafJ.JPG,train
images/t023/HpBIziWqan.JPG,train
images/t023/OjSobbdEHy.JPG,train
images/t023/PDTXFSeujN.JPG,train
images/t023/RRmCBXTZGC.JPG,train
images/t023/SyemTgSGfq.JPG,train
images/t023/TAuNiDHlSS.JPG,train
images/t023/UUrrYIoGTe.JPG,train
images/t023/VkVfgdYwwH.JPG,train
images/t023/WnBSPWEYqo.JPG,train
images/t023/XJuWRTgkDL.JPG,train
images/t023/XXfxGKrZdj.JPG,train
images/t023/XhwUKAINSQ.JPG,train
images/t023/YBRnhLZbtX.jpg,train
images/t023/YupQhzjVSA.JPG,train
images/t023/ZQXMXEKkaW.jpg,train
images/t023/cvtWlhGzIS.JPG,train
images/t023/ghUhbQBLTk.JPG,train
images/t023/hOkmmpVXSB.JPG,train
images/t023/ixwtgjWGyu.JPG,train
images/t023/kcTtcyegVj.JPG,train
images/t023/loNSGurkgu.JPG,train
images/t023/lyDndXWsdK.JPG,train
images/t023/nxewsVzGJq.JPG,train
images/t023/oBndAkhCVa.JPG,train
images/t023/pbbQhyoZgE.JPG,train
images/t023/qmpVGJGnJQ.JPG,train
images/t023/sXKQqnwTTb.JPG,train
images/t023/tOOcZzuFnv.JPG,train
images/t023/ymtBoqSfoQ.JPG,train
images/t024/EetSrwBlOa.JPG,train
images/t024/PnmsiooXhN.JPG,train
images/t024/UiTlZNUYjv.JPG,train
images/t024/XIbDZWSvjm.JPG,train
images/t024/awPGOnHPTI.JPG,train
images/t024/gegeBNRnzl.JPG,train
images/t024/tAKTOxddqV.JPG,train
images/t025/BbHFdSOzxP.JPG,train
images/t025/DksZgGlWRa.JPG,train
images/t025/ELHLLqXaov.JPG,train
images/t025/EXeVosOmbI.JPG,train
images/t025/EqOhlatgUK.jpg,train
images/t025/IaeLxnIJnK.JPG,train
images/t025/LpldShIxDc.JPG,train
images/t025/LqZkhawjzl.JPG,train
images/t025/NdBQPTFCSC.JPG,train
images/t025/OoTZSrLTiM.JPG,train
images/t025/RNbByBqTMF.JPG,train
images/t025/SpptFFIVBS.JPG,train
images/t025/TNUqqnDQXQ.JPG,train
images/t025/VQWmYImXNs.JPG,train
images/t025/WZyWOzeXPk.JPG,train
images/t025/XwJcUyQfBz.JPG,train
images/t025/fVZExqOGmk.JPG,train
images/t025/fxhogUBHNm.JPG,train
images/t025/hLJMncAAnV.JPG,train
images/t025/hizkUwyyHC.JPG,train
images/t025/litZGfffsv.JPG,train
images/t025/oEdwFFfTXH.JPG,train
images/t025/pnOCDsFESf.JPG,train
images/t025/ptIvGmfkHq.JPG,train
images/t025/rbjAtXwURK.JPG,train
images/t025/tIUpyqSBbY.jpg,train
images/t025/vWrYSuHipe.JPG,train
images/t025/vkdzTpAAjg.JPG,train
images/t025/vsDHXoXSMc.JPG,train
images/t025/weuDDmxeHm.JPG,train
images/t025/xLwDWGLaFH.JPG,train
images/t025/xNJkoyJeMZ.JPG,train
images/t025/zJxEjCtIhO.JPG,train
images/t026/HagbygYkHb.JPG,train
images/t026/HoDJNfupee.JPG,train
images/t026/OgPQxVJyQJ.JPG,train
images/t026/QrQBOlhisS.JPG,train
images/t026/TGWkcMDJLc.JPG,train
images/t026/YhRIyreKUF.JPG,train
images/t026/czfrKNqkgv.JPG,train
images/t026/hRSLrajsXq.JPG,train
images/t026/oaDrtNAMzp.JPG,train
images/t026/scWLTdLrLg.jpg,train
images/t027/BSKtdmcbFQ.JPG,train
images/t027/BUvOCVffWL.JPG,train
images/t027/NIDSfvqbbC.JPG,train
images/t027/SSErxDJMTK.JPG,train
images/t027/bYEEoazjaI.JPG,train
images/t027/hJQbPvExcp.JPG,train
images/t027/iaxbqPAZsa.JPG,train
images/t027/jGNxjZeHpG.JPG,train
images/t027/qWfdnlOsnv.JPG,train
images/t027/sskAnbggiE.JPG,train
images/t028/AXPeNpDdiC.JPG,train
images/t028/BBjhjfiiSm.JPG,train
images/t028/BqnVlhWbki.JPG,train
images/t028/EqMcxuBSro.JPG,train
images/t028/EwdikqJgRT.JPG,train
images/t028/GLUrylDBvm.JPG,train
images/t028/GRzvaNTdwG.JPG,train
images/t028/GjFobPimvy.jpg,train
images/t028/IFCfoFHQkk.JPG,train
images/t028/ISWUkwjPZP.JPG,train
images/t028/KitJGyhsHG.JPG,train
images/t028/KxUckXPRCp.JPG,train
images/t028/MCyYARCjZo.JPG,train
images/t028/OHinPOZnYs.JPG,train
images/t028/OLmtfXBSLD.JPG,train
images/t028/OxJoFjzBOi.JPG,train
images/t028/PXEUJQHAEz.JPG,train
images/t028/TZvYwQXldk.JPG,train
images/t028/UzHgoPrQuM.JPG,train
images/t028/WTvTGAScQA.JPG,train
images/t028/aFqVrUCwyf.JPG,train
images/t028/aQhnDQyJNZ.JPG,train
images/t028/askIoCSXFD.JPG,train
images/t028/bHoxlDQjKD.JPG,train
images/t028/bULKcpcjhV.JPG,train
images/t028/bfqKBwwfjE.JPG,train
images/t028/ehuKTMGZmQ.JPG,train
images/t028/euTZTKOriQ.JPG,train
images/t028/hbTjnbEBMg.jpg,train
images/t028/hgywyXBgXT.JPG,train
images/t028/iHkYiiAZtb.JPG,train
images/t028/iOeppUKJaV.JPG,train
images/t028/iToBMNPmTt.JPG,train
images/t028/jEbHmScvsg.JPG,train
images/t028/jeyKXBaIPt.JPG,train
images/t028/kaGoIZUqgu.JPG,train
images/t028/mNxlvhlCvo.JPG,train
images/t028/ojlDwPjAay.JPG,train
images/t028/ozzByXwqMg.JPG,train
images/t028/rDnKHrMiFD.JPG,train
images/t028/sSdpISXDna.JPG,train
images/t028/uCkZalDodp.JPG,train
images/t028/ufeeKhuLcI.JPG,train
images/t028/vEoYsIBZay.JPG,train
images/t028/vIxOiyXAZg.JPG,train
images/t028/vgoEruSMDG.JPG,train
images/t028/vuvkjKxrlJ.JPG,train
images/t028/wzDfpPvrbe.JPG,train
images/t028/xDZyZERFmC.JPG,train
images/t028/xHIbKgbEJx.JPG,train
images/t029/OCLeOhgKSo.JPG,train
images/t029/QJqSSYqHpc.JPG,train
images/t029/RmCzKoStgT.JPG,train
images/t029/UGHfNpxYIz.JPG,train
images/t029/ZlWvEqpTZy.JPG,train
images/t029/dlXtYobIuB.JPG,train
images/t029/fqKHYAzQBb.JPG,train
images/t029/kkhbMIPOsj.JPG,train
images/t029/tuYJpCLsNl.JPG,train
images/t029/wNZIYSiTYN.jpg,train
images/t029/wxvXvYsHZa.JPG,train
images/t029/xzPRcMLxJu.JPG,train
images/t031/QuewwmqyZj.JPG,train
images/t031/YOjYHJCtot.JPG,train
images/t031/emlcbTMHgx.JPG,train
images/t032/CyURzGuJKh.JPG,train
images/t032/JTJKQFRXOp.JPG,train
images/t032/LTDoDQNflu.JPG,train
images/t032/LfYoVdnJnv.JPG,train
images/t032/QMcXOxsUtT.JPG,train
images/t032/RREaEUkiZS.JPG,train
images/t032/RvfaEJkePb.JPG,train
images/t032/SRHvTKWSyV.JPG,train
images/t032/aOLVtaQzri.JPG,train
images/t032/evyGuCgwCE.JPG,train
images/t032/fkCJiGTmMn.JPG,train
images/t032/munMxJWBmv.JPG,train
images/t032/rOUHvVlBMw.JPG,train
images/t033/EPdYwOtObe.JPG,train
images/t033/HndKumhhuv.JPG,train
images/t033/JBiIkfJBlG.JPG,train
images/t033/JavIrZBgAX.JPG,train
images/t033/KCTBcCUCQf.JPG,train
images/t033/MjYzXFYVGd.JPG,train
images/t033/RWypKwckej.JPG,train
images/t033/SZIUeRMqMI.JPG,train
images/t033/TqqQUxiAPG.JPG,train
images/t033/VgJKJalOog.JPG,train
images/t033/WNOroinJzJ.JPG,train
images/t033/YpbwRvMprh.JPG,train
images/t033/aAIPugFRGe.JPG,train
images/t033/bhdKiPuSGC.JPG,train
images/t033/cQtIxlWHdY.JPG,train
images/t033/cdTmwoHhGv.JPG,train
images/t033/hieyMvTvor.JPG,train
images/t033/jwjxRnRklT.JPG,train
images/t033/kciAvlvnta.JPG,train
images/t033/ktCkrXiCsw.JPG,train
images/t033/kuOrOJtPCQ.JPG,train
images/t033/lsghZlRXBn.JPG,train
images/t033/mDyNQNuXIc.JPG,train
images/t033/oSkneAMVzJ.JPG,train
images/t033/pHIZpByTcU.JPG,train
images/t033/rgohKdlotu.JPG,train
images/t033/tHYpHzvePo.JPG,train
images/t033/uqxmQngBQI.JPG,train
images/t033/usliSYKffD.jpg,train
images/t033/wBKHxrSHZK.JPG,train
images/t033/wrtqLAynfk.JPG,train
images/t033/xiagOhUAkp.jpg,train
images/t033/xkjKzkSodI.JPG,train
images/t033/xmdLyFYPlz.JPG,train
images/t034/BSdVtWJuQe.JPG,train
images/t034/BVMbfkXJwK.JPG,train
images/t034/BlLnLbnRPy.JPG,train
images/t034/DNDMRhEBjv.JPG,train
images/t034/DURGyFpgTH.JPG,train
images/t034/FzsVfbrYse.JPG,train
images/t034/NYPdmfWjBi.JPG,train
images/t034/NrAPqJCGHZ.JPG,train
images/t034/OZIUJLykMl.JPG,train
images/t034/VINpCPoMzY.JPG,train
images/t034/VPjrxipRZp.JPG,train
images/t034/WYDQLqHgXh.JPG,train
images/t034/YIaQzHHtPC.JPG,train
images/t034/auJyslAJoR.JPG,train
images/t034/bePNsedWVN.JPG,train
images/t034/cPnGecmGuE.JPG,train
images/t034/cdYONfvqlM.jpg,train
images/t034/ghuRGkzucS.JPG,train
images/t034/kSvcEvDWnI.JPG,train
images/t034/lWlswmVxJZ.JPG,train
images/t034/nXyGAKmfhY.JPG,train
images/t034/oALcXrhvLV.jpg,train
images/t034/oVqrUEhSWZ.JPG,train
images/t034/oucuQvfZQY.JPG,train
images/t034/pFFQTuryfU.jpg,train
images/t034/qikotaqqSM.JPG,train
images/t035/CPxzjJuzhw.JPG,train
images/t035/DUHqFQWouM.JPG,train
images/t035/DbrCioVoBk.JPG,train
images/t035/EWuYaiYPNG.JPG,train
images/t035/FrlSzeWpSn.JPG,train
images/t035/GkMoXAMkDI.JPG,train
images/t035/IHCQjAYwuw.JPG,train
images/t035/LaZZBQNJiM.JPG,train
images/t035/RDWbsUmhCb.JPG,train
images/t035/RPeMtmyFNi.JPG,train
images/t035/SSzGieISEf.JPG,train
images/t035/UGcjbzjDhs.JPG,train
images/t035/UOOuySEZjD.JPG,train
images/t035/XTvmTVfQjV.JPG,train
images/t035/YwgrkRxGfp.JPG,train
images/t035/ZqRNPCrGVh.JPG,train
images/t035/aEiORyRgtJ.JPG,train
images/t035/ayXqBTysMM.JPG,train
images/t035/azbypNZKRX.JPG,train
images/t035/cavtYWkIuv.JPG,train
images/t035/gVXtNjbsxt.JPG,train
images/t035/hbinabCdte.JPG,train
images/t035/jXNXQIJsLS.JPG,train
images/t035/okhifZdEre.JPG,train
images/t035/riTJuGnYvh.JPG,train
images/t035/rzsskpglKl.JPG,train
images/t035/sKWiXbmWEp.JPG,train
images/t035/uDqbCUtIYX.JPG,train
images/t035/wQpdERoAeu.JPG,train
images/t035/zoORlZrYkT.JPG,train
images/t036/CsYTFslMsv.JPG,train
images/t036/MhmHIiOJWG.JPG,train
images/t036/PoKaQKdwcM.JPG,train
images/t036/WhaxiWlgpa.JPG,train
images/t036/cXhjoIcRqn.JPG,train
images/t036/ykUwfIcaax.JPG,train
images/t037/JpTWfkZlZp.JPG,train
images/t037/LnxiRjHBnl.JPG,train
images/t037/QqSAUnpEvT.JPG,train
images/t037/SlLnLPoDgz.JPG,train
images/t037/TXNRBHxKRk.JPG,train
images/t037/TsfEkDrDmm.JPG,train
images/t037/UPkhRUklmT.JPG,train
images/t037/VyPTbjOmqr.JPG,train
images/t037/YAUbbfaTYO.JPG,train
images/t037/YLJUhRLaMo.JPG,train
images/t037/bQRdTxEInM.jpg,train
images/t037/dbeQtkcsZR.JPG,train
images/t037/fbpwUZKUZB.JPG,train
images/t037/pvzhywLtCH.JPG,train
images/t037/tKHQtYRakh.JPG,train
images/t038/AhjgEdRXDk.JPG,train
images/t038/AqCcfvYejn.JPG,train
images/t038/CdBOktNCMA.JPG,train
images/t038/FaOJysALij.JPG,train
images/t038/GQHcyYapzc.JPG,train
images/t038/JgDaKUOfrP.JPG,train
images/t038/KizkvsNWKg.JPG,train
images/t038/LIOtyXrlLG.JPG,train
images/t038/LJLBKuXMrP.JPG,train
images/t038/LdvImjneex.JPG,train
images/t038/LztwxyCHwz.JPG,train
images/t038/PFiqDpihKq.JPG,train
images/t038/RSIWQHouus.JPG,train
images/t038/SUzfjBpipv.JPG,train
images/t038/UgavPnBDoo.JPG,train
images/t038/XGeJuzoFAk.JPG,train
images/t038/XYCYjrYcsE.JPG,train
images/t038/YJLxyXnxVK.JPG,train
images/t038/avpQfkeVJV.JPG,train
images/t038/baDumrrvtd.JPG,train
images/t038/dqfAsgwpKj.JPG,train
images/t038/fIStzDeTot.JPG,train
images/t038/fxMnWaVgNP.JPG,train
images/t038/gzQiEhLCDm.JPG,train
images/t038/kIucZYjYog.JPG,train
images/t038/kpsCwoJBgc.JPG,train
images/t038/lIIHWImTqb.JPG,train
images/t038/lWvGqFCogJ.JPG,train
images/t038/mkAhgTyIdI.JPG,train
images/t038/rKnXtAZmMa.JPG,train
images/t038/sHRqHpLgBP.JPG,train
images/t038/sblLpbMuaV.JPG,train
images/t038/svfiHrZXih.JPG,train
images/t038/tTFCpdRcys.JPG,train
images/t038/uHxbYeNSBq.JPG,train
images/t038/uXzUcoLRiK.JPG,train
images/t038/vHHTXHoqHg.JPG,train
images/t038/viTPjPRtnG.JPG,train
images/t038/wRsYXLDTsb.JPG,train
images/t038/xIqxUAjJUg.JPG,train
images/t038/xvkgnkhFMl.JPG,train
images/t038/zHosMxXcGH.JPG,train
images/t040/EkAGjrIHPI.JPG,train
images/t040/FEXWHoiyta.JPG,train
images/t040/GyaZSGVAOZ.JPG,train
images/t040/IvVmvOgeit.JPG,train
images/t040/IwajByhqGq.JPG,train
images/t040/LSVflCTFJp.JPG,train
images/t040/LcjJSloFfX.JPG,train
images/t040/MECXQQPKYm.JPG,train
images/t040/MPMoUfvXmY.JPG,train
images/t040/OiKAOxcpPA.JPG,train
images/t040/RRcqjcOWDO.JPG,train
images/t040/SqZHOtWaMc.JPG,train
images/t040/VvXOSEdOoH.JPG,train
images/t040/aPJEVhNoao.JPG,train
images/t040/auRYRfexBR.JPG,train
images/t040/bAKLPHnmdR.JPG,train
images/t040/bnAhraEWDw.JPG,train
images/t040/dhZovtZBla.JPG,train
images/t040/epGNzzIXIz.JPG,train
images/t040/fUPSkXQlIC.JPG,train
images/t040/iuoRyjykUo.JPG,train
images/t040/kRPJBpmkvn.JPG,train
images/t040/kupesydpQl.JPG,train
images/t040/lGqtxlcoEz.JPG,train
images/t040/lSCfJjDrRO.jpg,train
images/t040/lhUFieyovy.JPG,train
images/t040/luAJJeDOAx.JPG,train
images/t040/mJNBFwidAf.JPG,train
images/t040/mudjODZnOV.JPG,train
images/t040/mzGxsYyYZv.JPG,train
images/t040/rruOxbzKue.JPG,train
images/t040/rtYLUgwcgi.JPG,train
images/t040/tFBfMDrNlv.jpg,train
images/t040/uttyaAsieC.JPG,train
images/t040/woqcnKApsx.JPG,train
images/t040/yzdIrPXfCt.JPG,train
images/t040/zKLROYorHb.JPG,train
images/t040/zyloHpmTYL.JPG,train
images/t041/cbTRlTixru.JPG,train
images/t041/jQNDjrAeKZ.JPG,train
images/t042/CoxZEtKVTi.JPG,train
images/t042/FMhOAKciRZ.JPG,train
images/t042/GALqLrJUDw.JPG,train
images/t042/OGgVbbuzhR.JPG,train
images/t042/OyAbHopICB.JPG,train
images/t042/RQEldnLDvK.JPG,train
images/t042/dXbMNDfmef.JPG,train
images/t042/eMLiOFGTMk.JPG,train
images/t042/kwLhglbKFj.JPG,train
images/t042/oCtzKbNIDT.JPG,train
images/t042/wSIwwpgLRD.JPG,train
images/t043/BnsytRqeLH.JPG,train
images/t043/CBshkAJsnY.JPG,train
images/t043/ClHUMEIbVh.JPG,train
images/t043/DVZPbbaYAm.JPG,train
images/t043/EyUZEljvSU.JPG,train
images/t043/FNuoAZrYuW.JPG,train
images/t043/GNgvihdYAJ.JPG,train
images/t043/GepjJmKxHz.JPG,train
images/t043/GqbarlIoDO.JPG,train
images/t043/IIGqpDYOAd.JPG,train
images/t043/JFZqdyhhdg.JPG,train
images/t043/JRGGZFGhLV.JPG,train
images/t043/PGyOTusSNl.JPG,train
images/t043/PPKwyrYegN.JPG,train
images/t043/PWkgFuzDhN.JPG,train
images/t043/QdrzfHnBbF.JPG,train
images/t043/SVoNMykDnO.JPG,train
images/t043/VZkBVVlmnX.JPG,train
images/t043/WuKVBHUgeC.JPG,train
images/t043/XfzTqldKdr.JPG,train
images/t043/bJEZPVVhZx.JPG,train
images/t043/cVzlebHnQC.JPG,train
images/t043/dykJNnITYm.JPG,train
images/t043/gPRwQiBYCq.JPG,train
images/t043/kCzWUDdfHe.JPG,train
images/t043/neJyTTktDZ.JPG,train
images/t043/pBQGTRwYlg.JPG,train
images/t043/rFXLYiXNRK.JPG,train
images/t043/vpLAjGjBCv.JPG,train
images/t043/yLuBDvbvkx.JPG,train
images/t044/QYWALlhjXn.JPG,train
images/t044/SjzpbFHSFy.JPG,train
images/t044/noRVasxzEO.JPG,train
images/t045/FKbulpBoEj.JPG,train
images/t045/UkHUAmphUp.JPG,train
images/t045/WBqRtlIdJF.JPG,train
images/t045/WVcTeKIClE.JPG,train
images/t045/pEIAGBIzYH.JPG,train
images/t046/AnmwSUazHH.JPG,train
images/t046/CMJAcUxFIB.JPG,train
images/t046/UJVOrddPYA.JPG,train
images/t046/ZCpLbxprGL.JPG,train
images/t046/ZGlgcMAxpi.JPG,train
images/t046/aGuKZZYyxh.JPG,train
images/t046/ucZJXHdsDY.JPG,train
images/t048/AHzXGRWzlN.jpg,train
images/t048/ASJDBfiBYc.JPG,train
images/t048/BEryEDJQAk.jpg,train
images/t048/BJuxmBvSSE.JPG,train
images/t048/BKSZniWdEy.JPG,train
images/t048/BMvHuSLlYN.JPG,train
images/t048/CFuVsVFzKf.JPG,train
images/t048/CtauHRrgot.JPG,train
images/t048/FCTlpBFSfj.jpg,train
images/t048/FNDamgHFpm.JPG,train
images/t048/GGFuewkPMQ.JPG,train
images/t048/GOdOXanXoP.JPG,train
images/t048/GpPqxHEOVF.JPG,train
images/t048/HWWiNnnYRl.JPG,train
images/t048/HycLOuBCqn.jpg,train
images/t048/IBogSabGGD.JPG,train
images/t048/IYNvLUBxGx.jpg,train
images/t048/JKimzJfOKn.JPG,train
images/t048/JQhIxffpuv.JPG,train
images/t048/JWJpbdSucQ.JPG,train
images/t048/KJIJNvYcoe.JPG,train
images/t048/KvSnygwpaX.JPG,train
images/t048/LdeSHqHpbL.JPG,train
images/t048/LkLBgQkGVt.JPG,train
images/t048/NmFwsNvcUr.JPG,train
images/t048/NotfSUpmHj.jpg,train
images/t048/NpwMflcTHg.JPG,train
images/t048/OAqhURAJjD.JPG,train
images/t048/OfJbuTQHQu.JPG,train
images/t048/OhxWPTmjwf.JPG,train
images/t048/PUzUpHlSev.JPG,train
images/t048/PvqFaiRzDB.JPG,train
images/t048/QMCfjJFEdN.JPG,train
images/t048/QjALZlEmvj.JPG,train
images/t048/QnQwwNIpWD.JPG,train
images/t048/QwXmuiQYjD.JPG,train
images/t048/RUzEhDsttB.JPG,train
images/t048/RlptkjRsfr.jpg,train
images/t048/TEqNnxdjrh.JPG,train
images/t048/TEuZJwCNfH.JPG,train
images/t048/TnZfjuLrGY.JPG,train
images/t048/TnbElSmZQG.jpg,train
images/t048/TveWtLlWAA.JPG,train
images/t048/URjLXHQaDz.JPG,train
images/t048/UvRPLGIEBP.JPG,train
images/t048/VeXXvksIMh.JPG,train
images/t048/WGayocKSJu.jpg,train
images/t048/XCNHvIPGJQ.JPG,train
images/t048/XFXJhMutci.JPG,train
images/t048/XSpbkIMiRm.jpg,train
images/t048/XThIyWbMoh.JPG,train
images/t048/XspvGaOxhD.jpg,train
images/t048/XzqhpnBWDV.jpg,train
images/t048/YNAtYHoreo.JPG,train
images/t048/YPKqQBSjqa.JPG,train
images/t048/YlLmFlCgdW.JPG,train
images/t048/YzNxqCaqHs.jpg,train
images/t048/ZDHLTeMACk.JPG,train
images/t048/ZRMCGlFizy.JPG,train
images/t048/aNhmbWsaSZ.jpg,train
images/t048/beUGceuhek.JPG,train
images/t048/cKooapbuuh.JPG,train
images/t048/cMFAwnBoCL.JPG,train
images/t048/dnRsnSmiMo.JPG,train
images/t048/dowjNKdHPz.JPG,train
images/t048/drvUNyOsQa.JPG,train
images/t048/eEOijawoxb.JPG,train
images/t048/fKHniZssjc.JPG,train
images/t048/fbsHjZZkXy.JPG,train
images/t048/foutjTHQCN.JPG,train
images/t048/gOiSYbTyXG.JPG,train
images/t048/gWJqWOuXHd.JPG,train
images/t048/gbAcaknfIL.JPG,train
images/t048/hbelkEljve.jpg,train
images/t048/hkvXtkRfDm.jpg,train
images/t048/hyuQUipqbC.JPG,train
images/t048/hzQgvtzVGz.JPG,train
images/t048/ipGWbzpTuk.JPG,train
images/t048/jSmmKNGooB.JPG,train
images/t048/joOJMFOVLD.JPG,train
images/t048/jzAuTdIDMx.JPG,train
images/t048/lQCDrndQJr.JPG,train
images/t048/lvIyKCDzIV.JPG,train
images/t048/mNLJQzGENB.JPG,train
images/t048/mZuhSpBekg.JPG,train
images/t048/mzQXwjqsWm.jpg,train
images/t048/nYpnIiToNz.JPG,train
images/t048/nefmiNSceF.JPG,train
images/t048/nlpWKlHZrk.JPG,train
images/t048/ptSSuGWyUr.JPG,train
images/t048/qgGoTOLmLY.JPG,train
images/t048/rRrFxJEsCo.JPG,train
images/t048/rSdFyOPxie.JPG,train
images/t048/roYdcrqJOg.JPG,train
images/t048/rrerfuAMUO.jpg,train
images/t048/sCPqtIYvrO.JPG,train
images/t048/sMvFLtXVPq.JPG,train
images/t048/snoVBVdFkS.JPG,train
images/t048/soIgDSwkoc.JPG,train
images/t048/suAvwfJzBk.JPG,train
images/t048/swwjvjMrSb.JPG,train
images/t048/tBhbyTfTxc.JPG,train
images/t048/tfECnGXhqX.JPG,train
images/t048/uGsDuCXNHt.JPG,train
images/t048/vEcpNUvDqm.jpg,train
images/t048/vhpGSEQkdC.JPG,train
images/t048/vyloIJVmHH.JPG,train
images/t048/wRAZXRFYgM.JPG,train
images/t048/xYxrduCUst.JPG,train
images/t048/xmEpBuWrIY.JPG,train
images/t048/xqeOseIkin.JPG,train
images/t048/yMGQeVwovA.JPG,train
images/t048/ySTlXbCkkr.JPG,train
images/t048/zHjBqdXizK.JPG,train
images/t048/zTzQdAtPmq.JPG,train
images/t048/zewQAGjePe.JPG,train
images/t048/zxdQOvQIvQ.JPG,train
images/t048/zzahdDYCMv.jpg,train
images/t049/FidCuREizj.JPG,train
images/t049/GpgiKqocAz.JPG,train
images/t049/IwxBonEuhK.JPG,train
images/t049/JVorPCdIDK.JPG,train
images/t049/KmbWjYqwOe.JPG,train
images/t049/QFTRDKXTZZ.JPG,train
images/t049/UvFuXiHrCi.JPG,train
images/t049/lVIRMQeadR.JPG,train
images/t049/ngfZWMwgkC.JPG,train
images/t050/COWJZwUlCa.JPG,train
images/t050/KntSwKdEeT.JPG,train
images/t050/TASkhycbJK.jpg,train
images/t050/TKVTdxPjDx.JPG,train
images/t050/aKBvxKQbJf.JPG,train
images/t050/hKfirBgUGk.JPG,train
images/t050/iUYYvjXJuU.JPG,train
images/t050/mJLupnMzST.JPG,train
images/t051/CcUeOOFzdD.JPG,train
images/t051/PAqcAkuplA.JPG,train
images/t051/PmQHEmXoQR.JPG,train
images/t051/WUcxzyTQVK.JPG,train
images/t051/cOroAElFCe.JPG,train
images/t051/onospMudAq.JPG,train
images/t052/BDXDtrInAG.JPG,train
images/t052/CwywvJKQoV.JPG,train
images/t052/DpoueGWnGt.JPG,train
images/t052/JnonCSXhIC.JPG,train
images/t052/MEsqZvGFFx.JPG,train
images/t052/QXIpRRrjnS.JPG,train
images/t052/SUnmVIkpFy.JPG,train
images/t052/VvqxfnPTZS.JPG,train
images/t052/ZWdoBtOtHP.JPG,train
images/t052/aEHTBlWWJe.JPG,train
images/t052/fcXDJHeMpX.JPG,train
images/t052/htLXqRsymX.JPG,train
images/t052/jAPKAMviAP.JPG,train
images/t052/jSZnyaElUS.JPG,train
images/t052/lIgcCgaPNP.JPG,train
images/t052/oTLLYDQmzJ.JPG,train
images/t052/rPjjcOutJd.JPG,train
images/t052/uhZsqYvQHN.JPG,train
images/t053/KRzxxHWfTj.JPG,train
images/t053/gFDqNJLTUE.JPG,train
images/t053/qsjLjsOfGU.JPG,train
images/t055/UEGGleIMTZ.JPG,train
images/t055/dIPFmHmwjH.JPG,train
images/t055/tyNQDsyNXX.JPG,train
images/t055/wVgBalTDiy.JPG,train
images/t056/FaWAzdiGBE.JPG,train
images/t056/OvOyPdtycA.JPG,train
images/t056/TtLqCOOUhn.JPG,train
images/t056/UzXfQyEBMQ.JPG,train
images/t056/cGZNOWiQyl.JPG,train
images/t056/itCQLrXAsY.JPG,train
images/t056/kcaeujnCZq.JPG,train
images/t056/ocXTgpCApq.JPG,train
images/t056/tIldIbwrCs.JPG,train
images/t056/uaMYLWcnxU.JPG,train
images/t056/uxgXThwxtt.JPG,train
images/t056/ycZWAgmrIM.JPG,train
images/t057/FBoINIwRBg.JPG,train
images/t057/RLgTtMpoDf.JPG,train
images/t057/VOsVSXtqsQ.JPG,train
images/t057/YTgiMOBCAZ.JPG,train
images/t057/lvmLlwacOk.JPG,train
images/t057/onnKASZOCU.JPG,train
images/t058/EPpYWrUOwe.JPG,train
images/t058/NjvKnJnCID.JPG,train
images/t058/OqsoHmgUBs.JPG,train
images/t058/bxypOuNran.JPG,train
images/t058/frxPqsVqzV.JPG,train
images/t058/kdOBbOxCTT.JPG,train
images/t058/pPSSzhCvHW.JPG,train
images/t058/wVCwFLCsGC.JPG,train
images/t059/eQvGkMlFiW.JPG,train
images/t059/waTLbxjRoy.JPG,train
images/t059/yDHnTfvWPW.JPG,train
images/t060/AaUjYXPVOK.JPG,train
images/t060/WsVFtFETtQ.JPG,train
images/t060/jiyVbvrkGb.JPG,train
images/t061/ApBnESWKKX.JPG,train
images/t061/DlLsjMSnPc.JPG,train
images/t061/LBTYSTFczc.JPG,train
images/t061/NbySDmKSuR.JPG,train
images/t061/aowsNYnQMG.JPG,train
images/t061/iEotnBqiTh.JPG,train
images/t061/mPYebbjbfd.JPG,train
images/t062/ChhkqrTSaP.JPG,train
images/t062/DuyrDpLEEi.JPG,train
images/t062/OSzpLHotfx.JPG,train
images/t062/QPypKNPUsE.JPG,train
images/t062/RPaiouSTDG.JPG,train
images/t062/UfFdHgnHku.JPG,train
images/t062/XPVihOzuVh.JPG,train
images/t062/aRdugAFBCF.JPG,train
images/t062/dlTvPcvMeI.JPG,train
images/t062/eWhiMoboTh.JPG,train
images/t062/gmDFFoLgsA.JPG,train
images/t062/ilckZhhsxn.JPG,train
images/t062/mGVBqxzzBu.JPG,train
images/t062/mRbBzIjcum.JPG,train
images/t062/nqqZwWpuVx.JPG,train
images/t062/qIIQCChfEQ.JPG,train
images/t062/qWpflZyLfO.JPG,train
images/t062/sRrcLPwhaZ.JPG,train
images/t062/sadgyRUsll.JPG,train
images/t062/tFitRjDCzn.JPG,train
images/t062/wgbhAUQLwU.JPG,train
images/t062/xfoVbASwLD.JPG,train
images/t063/AGSyRUClGX.JPG,train
images/t063/AZskqnscnD.JPG,train
images/t063/CVXIFXXSds.JPG,train
images/t063/DNZouWDqMA.JPG,train
images/t063/HsMzvzPwJZ.JPG,train
images/t063/IHEnIwQrlm.JPG,train
images/t063/IgMcdCepAd.JPG,train
images/t063/JPIXZWTVWm.JPG,train
images/t063/JYYqjrHcUY.JPG,train
images/t063/JsppYTtmZI.JPG,train
images/t063/LGhVKUPlzU.JPG,train
images/t063/LiXkhDveKN.JPG,train
images/t063/MSMFgPUPII.JPG,train
images/t063/McLmkICktN.JPG,train
images/t063/NXhxyqZnKl.JPG,train
images/t063/OImOjxPENR.JPG,train
images/t063/OZRnOVYStf.JPG,train
images/t063/OoZnTqBPdi.JPG,train
images/t063/PDFKKNXgGn.JPG,train
images/t063/PkkNbTvNGf.JPG,train
images/t063/PvpgIZaind.JPG,train
images/t063/SxVgQCuIfg.JPG,train
images/t063/TGOIPbofxS.JPG,train
images/t063/TWBmKXEltW.JPG,train
images/t063/UYMIWkHKaY.JPG,train
images/t063/UdGkexEMbW.JPG,train
images/t063/VlASlxlTPW.JPG,train
images/t063/WHPxaLzMIF.JPG,train
images/t063/ZAbXAEdhYa.JPG,train
images/t063/ZLTqNiLQND.JPG,train
images/t063/ZoqCeSLtnp.JPG,train
images/t063/bBXLVrJUsq.JPG,train
images/t063/bOkquUKxpi.JPG,train
images/t063/eKdxTnHmyz.JPG,train
images/t063/gVFFCSRBKa.JPG,train
images/t063/hpYKJNtyEo.JPG,train
images/t063/iiPpPIoPSm.JPG,train
images/t063/jWAUBNclMz.JPG,train
images/t063/jjFpyWAEIe.JPG,train
images/t063/laVjTkLnwM.JPG,train
images/t063/lgmsGijjhJ.JPG,train
images/t063/lzarPPKpDK.JPG,train
images/t063/ngVXbqVxQZ.JPG,train
images/t063/ntuLywcZnk.JPG,train
images/t063/oMTNGwOGCi.JPG,train
images/t063/omdudxOELb.JPG,train
images/t063/qUcmglSeOH.JPG,train
images/t063/qkRlpKUpjU.JPG,train
images/t063/qmmkPyyAxN.JPG,train
images/t063/qwMHHallvt.JPG,train
images/t063/rQxGnNBgXq.JPG,train
images/t063/sFldixTmWf.JPG,train
images/t063/uzVdSXnzwv.JPG,train
images/t063/vLRKxSzFGG.JPG,train
images/t063/vTktwJMdYq.JPG,train
images/t063/vUITKRNvDX.JPG,train
images/t063/wzQUtpGzze.JPG,train
images/t063/xTqgihAdTK.JPG,train
images/t063/yDukWOTdog.JPG,train
images/t063/ymleSIxnRy.JPG,train
images/t063/zvHwUeVuNk.JPG,train
images/t064/BLhqoLEzAa.JPG,train
images/t064/CauOUhofLb.JPG,train
images/t064/DISTYEABzX.JPG,train
images/t064/GbqnmMBLua.JPG,train
images/t064/NrOrtEmoDj.JPG,train
images/t064/OoPPzQtQZr.JPG,train
images/t064/PnFkOEAZEV.JPG,train
images/t064/PzwDqZpaIN.JPG,train
images/t064/RHNelbYLuT.JPG,train
images/t064/XGqkOjoJgA.JPG,train
images/t064/YGMYpZEzSS.JPG,train
images/t064/adGkmUhGcw.JPG,train
images/t064/ayRobhClKZ.JPG,train
images/t064/azDszcGGAM.JPG,train
images/t064/bPpyvHSQXc.JPG,train
images/t064/cCAOBmPGwD.JPG,train
images/t064/cuIUoIbZLv.JPG,train
images/t064/fBLcozhUqE.JPG,train
images/t064/kNqJOJhcUy.JPG,train
images/t064/oqBArtZlxu.JPG,train
images/t064/trVhaLOaQD.JPG,train
images/t064/wfbNCKDCue.JPG,train
images/t064/ytefWzQUtc.JPG,train
images/t065/BcWzLtEmKH.JPG,train
images/t065/DqrqCtMVpE.jpg,train
images/t065/FDERTlcnkb.jpg,train
images/t065/HLkkXkZVjB.JPG,train
images/t065/IYKVORtLxY.JPG,train
images/t065/LPtLYjMZsP.JPG,train
images/t065/MDRUPDDDMu.JPG,train
images/t065/NAOaoduXzn.JPG,train
images/t065/OfjfhcvGxb.JPG,train
images/t065/PKDdFUQQAf.JPG,train
images/t065/PLxXyLmbYT.JPG,train
images/t065/PiLbwbPihj.JPG,train
images/t065/TNJmcbYGhV.JPG,train
images/t065/bsbGLWviMb.JPG,train
images/t065/iiPyZrrQCV.JPG,train
images/t065/lQeanpbJDy.jpg,train
images/t065/meYgVBKvxp.jpg,train
images/t065/nmnHnoWtFu.JPG,train
images/t065/tTjOEvoylb.JPG,train
images/t066/NSvZkaaYMz.JPG,train
images/t066/RxfGDBHgLm.JPG,train
images/t066/ddviirCfaH.JPG,train
images/t066/nNOKSsFLcw.JPG,train
images/t066/nvLUSgnCcb.JPG,train
images/t066/vNpWoSYDXA.JPG,train
images/t067/AoZALlVciF.JPG,train
images/t067/EBnGktUcqM.JPG,train
images/t067/GArmioptYo.JPG,train
images/t067/HBeqVpRlPU.JPG,train
images/t067/HblOlLuIqU.JPG,train
images/t067/OIardQZQeq.JPG,train
images/t067/RkvewmSjYX.JPG,train
images/t067/TjzJuWrStS.JPG,train
images/t067/VCfLLBYhis.JPG,train
images/t067/dzjtxBMImx.JPG,train
images/t067/eoMElRvjfQ.JPG,train
images/t067/fGRffBFwAb.JPG,train
images/t067/hPfmekOkCe.JPG,train
images/t067/jrmksxkSiL.JPG,train
images/t067/kHoqIgwitu.JPG,train
images/t067/lLgZoKWplx.JPG,train
images/t067/lclNtIUCVx.JPG,train
images/t067/mmWGLwhNhx.JPG,train
images/t067/nOkTffsWIP.JPG,train
images/t067/oknGDvBFTh.JPG,train
images/t067/pcDKYGxunR.JPG,train
images/t067/rJQRizAiUh.JPG,train
images/t067/rLLiPoEuZJ.JPG,train
images/t067/rMIsGEnjtB.JPG,train
images/t067/tFCsyIdERg.JPG,train
images/t067/wIVMElDmNT.JPG,train
images/t067/xaaBbvtdNx.JPG,train
images/t067/xgplITDliP.JPG,train
images/t068/EeYlxHUrph.JPG,train
images/t068/GaQeZnTHqb.JPG,train
images/t068/MnZAHrfxhQ.JPG,train
images/t068/PXOokaIqrA.JPG,train
images/t068/PyRKaSPSVt.JPG,train
images/t068/ULGzgxWSkp.jpg,train
images/t068/VhUonbBaMY.JPG,train
images/t068/WMhPbvJmjk.JPG,train
images/t068/WxkdixgJXP.JPG,train
images/t068/bcnNeSqlBL.JPG,train
images/t068/kIxdRmIvTH.JPG,train
images/t068/kUkMQtbKUJ.JPG,train
images/t068/rpAzUTcVqA.jpg,train
images/t068/yKWUlcvEzl.JPG,train
images/t068/yKrgsPyERt.JPG,train
images/t068/zFXmLUhscz.jpg,train
images/t069/BnVUFZIQvx.JPG,train
images/t069/BxaHZzaiOH.JPG,train
images/t069/DwchoYLbMY.JPG,train
images/t069/EfQZvoSJtS.JPG,train
images/t069/EkRYazajwc.JPG,train
images/t069/MOaJlCNDwd.JPG,train
images/t069/MtbkfzCsQS.JPG,train
images/t069/NPCscKeLUF.JPG,train
images/t069/RuHvJjrllV.JPG,train
images/t069/XPxCRuZYJn.JPG,train
images/t069/deiqyzTjkU.JPG,train
images/t069/jGthNCQKZG.JPG,train
images/t069/lEWeSTHMjK.JPG,train
images/t069/puYkCbHxTv.JPG,train
images/t069/yILveftZJP.JPG,train
images/t069/yxCYWQnxwM.JPG,train
images/t070/AHmeYdbiKe.JPG,train
images/t070/HouGLrMZjh.JPG,train
images/t070/IMKRJeglEY.JPG,train
images/t070/IPaMJGUNSG.JPG,train
images/t070/IynknilMHd.JPG,train
images/t070/NBbPfbYGeY.JPG,train
images/t070/SsFWkYjBGn.JPG,train
images/t070/bKfvflyfbJ.JPG,train
images/t070/dUIytWsPxw.JPG,train
images/t070/gLoamXlVBD.JPG,train
images/t070/hURyIdLRwM.JPG,train
images/t070/lUNBrWGniq.JPG,train
images/t070/oazTjuAdCP.jpg,train
images/t070/rnZHeKTbjy.jpg,train
images/t070/vKHJbhkbEY.JPG,train
images/t070/xvkHwnfxgi.JPG,train
images/t071/EGyxCZjqhC.JPG,train
images/t071/FttnDAHRdy.JPG,train
images/t071/QVjFMTWWDj.JPG,train
images/t071/SYWsAdLmRE.JPG,train
images/t071/VhslbGUgts.JPG,train
images/t071/hjaiOnjEZG.JPG,train
images/t071/zQrLcZREeZ.JPG,train
images/t073/IVHRuccmoD.JPG,train
images/t073/PgucAHsWHS.jpg,train
images/t073/TMqAzUAYaL.jpg,train
images/t073/ZWoYbfoGPr.JPG,train
images/t073/eQAfUxLnIa.JPG,train
images/t073/idjcrRADWF.JPG,train
images/t073/qvJAkAdsmb.jpg,train
images/t073/rvqMXqGrOk.JPG,train
images/t073/tItIScjVgT.JPG,train
images/t073/vtwbTXqupH.JPG,train
images/t073/yRekmbHdHE.JPG,train
images/t073/zMrzxrvOQG.JPG,train
images/t073/zcvaTFaqCs.jpg,train
images/t074/AnjFYXvkuV.JPG,train
images/t074/BxGyBDQHDK.JPG,train
images/t074/DDbjoxyist.JPG,train
images/t074/DOdFxQKRzD.JPG,train
images/t074/GKkGEqCWmz.JPG,train
images/t074/LihAFBocwW.JPG,train
images/t074/OyCciwBbES.JPG,train
images/t074/VKsGOtygoE.JPG,train
images/t074/ZZKpGmJMwz.JPG,train
images/t074/htlgvlIaTI.JPG,train
images/t074/jQpYNCnCWl.JPG,train
images/t074/nSjvppKXSz.JPG,train
images/t074/rQCvSefSeB.JPG,train
images/t075/ABsMUmMvpa.JPG,train
images/t075/AwDblCjcOR.JPG,train
images/t075/BFgoBmtUki.JPG,train
images/t075/DBeXbusGWL.JPG,train
images/t075/FBKEiontAp.JPG,train
images/t075/FjvSfowVvL.JPG,train
images/t075/HxZfemvFns.JPG,train
images/t075/IrhIYHfwxw.JPG,train
images/t075/JvGCdBwTlA.jpg,train
images/t075/NgPzNnudHN.JPG,train
images/t075/NrSAuvMSKU.JPG,train
images/t075/NsodhvozLI.JPG,train
images/t075/PKtDSrBpHb.JPG,train
images/t075/aoBhntSpEL.JPG,train
images/t075/duBWFIYGJK.JPG,train
images/t075/eSyWQrSclZ.JPG,train
images/t075/eaKbuYiggQ.JPG,train
images/t075/ezhRwjJMKR.JPG,train
images/t075/hUZqbqWViN.jpg,train
images/t075/kiueLhYeTf.JPG,train
images/t075/loCDXFpaNj.JPG,train
images/t075/mLKLQsweAU.JPG,train
images/t075/mUhZyiHmPz.JPG,train
images/t075/mcrjiMHKcQ.JPG,train
images/t075/oZOwytFqET.JPG,train
images/t075/surgovllYH.JPG,train
images/t075/uxlUxmieBu.JPG,train
images/t075/vNrcrmkQvL.JPG,train
images/t075/xzKeFISUbR.JPG,train
images/t075/zskXpDpgdn.JPG,train
images/t076/CfQjnlmClr.JPG,train
images/t076/DlaKQzVKIZ.JPG,train
images/t076/IOlcTBwKlF.JPG,train
images/t076/KBvwpgQYqU.JPG,train
images/t076/MDTquRbhsb.JPG,train
images/t076/MVtpFzLiib.JPG,train
images/t076/SfZqchvxPR.JPG,train
images/t076/UgENrynSqU.jpg,train
images/t076/XNQlnxBFvC.JPG,train
images/t076/ZrLUNnADUD.JPG,train
images/t076/cSIAIIvXYz.jpg,train
images/t076/fjVKpQChlq.jpg,train
images/t076/gBzYcdKdKZ.JPG,train
images/t076/nvwKsQKhvW.JPG,train
images/t076/qvYpgBXdaq.JPG,train
images/t076/rddxrGjqcB.JPG,train
images/t076/sQDjRKBycc.JPG,train
images/t076/wMIbSQHzsY.JPG,train
images/t076/zkGEzcuZZB.JPG,train
images/t077/CTjurjxUJr.JPG,train
images/t077/DCkKgEJUwN.JPG,train
images/t077/DpQPJtAWMa.JPG,train
images/t077/JRXzBtMSml.JPG,train
images/t077/YaCrMVmJvD.JPG,train
images/t077/cqKYxVEDWs.JPG,train
images/t077/jTInxBbYTE.jpg,train
images/t077/qXmFNHoOOU.JPG,train
images/t077/zKNQfWWMQo.JPG,train
images/t078/MwjppuqgtH.JPG,train
images/t078/RzdKwLqjsb.JPG,train
images/t078/fKYBeHVnsd.JPG,train
images/t078/iXBUUFUwcH.JPG,train
images/t078/qtZzndjtSx.JPG,train
images/t079/HefFhTJHhv.JPG,train
images/t079/IBXqFYXiJP.JPG,train
images/t079/IEFuWHECMN.JPG,train
images/t079/JzxiyGRnGd.JPG,train
images/t079/WNIumUCEXo.JPG,train
images/t079/YWYURZDqAJ.jpg,train
images/t079/ZzeuRzpVEb.JPG,train
images/t079/cydriNXoFj.JPG,train
images/t079/czFuOGJbEF.JPG,train
images/t079/fquNqwyfXK.jpg,train
images/t079/qmgvNunIVz.JPG,train
images/t079/rrMjoxcpqB.JPG,train
images/t079/wrRZYnVkpv.JPG,train
images/t079/yNWRKoLOKf.JPG,train
images/t079/zfqLnhZyZh.JPG,train
images/t080/EBNVfZVhga.jpg,train
images/t080/ckUfEiMnBh.jpg,train
images/t080/tGOeQtWJjh.JPG,train
images/t080/xhgIafFBoG.jpg,train
images/t081/EWwTMSzABn.jpg,train
images/t081/FiqQzYSVzB.jpg,train
images/t081/GiDdmUmPrx.JPG,train
images/t081/Izqsevhivn.JPG,train
images/t081/TFnSRontyN.JPG,train
images/t081/iEkQQoZjpW.jpg,train
images/t082/FsHkMNbrFM.jpg,train
images/t082/HHKuKUAJyr.jpg,train
images/t082/NUYHXbkwsU.JPG,train
images/t082/NbFVPBghRM.jpg,train
images/t082/hIUkClwTcZ.JPG,train
images/t082/mZwQSdPzvf.jpg,train
images/t082/qWZrCSmGKD.jpg,train
images/t082/rMUniRDiTb.jpg,train
images/t082/xEtbukEcCr.jpg,train
images/t083/ShWFgPGiWD.JPG,train
images/t083/WItMfDdUxj.JPG,train
images/t083/mUAQjREprd.JPG,train
images/t084/InWKEBVadm.JPG,train
images/t084/JdYAfMFzmi.JPG,train
images/t084/NQRbWeXiEX.JPG,train
images/t084/RSjgCsFQFO.JPG,train
images/t084/RWtEWnilue.JPG,train
images/t084/VpiWlqGMGm.JPG,train
images/t084/WYtFQLqOuo.JPG,train
images/t084/YmaSsHvWQr.JPG,train
images/t084/afPUEOHtDo.JPG,train
images/t084/bNNTxBsqPH.JPG,train
images/t084/bSzTTrplwM.JPG,train
images/t084/ecQtmPTTOp.JPG,train
images/t084/gWGpGLBJfx.jpg,train
images/t084/hHDhXMmvmD.jpg,train
images/t084/hPNtxCpuRO.JPG,train
images/t084/iGgqnQZHsM.JPG,train
images/t084/kvVwKHoucH.JPG,train
images/t084/oDAmeVrncZ.JPG,train
images/t084/ozDYIoOAIT.JPG,train
images/t084/qharPaKXhL.JPG,train
images/t084/sELAjQEfYs.JPG,train
images/t084/xjtSFnSsrz.JPG,train
images/t085/HtJTPPbQjO.JPG,train
images/t085/RKYeghQYEw.jpg,train
images/t085/VNLKOMfQuB.JPG,train
images/t085/VdgPBsdPQz.jpg,train
images/t086/CdIiuJzTFa.jpg,train
images/t086/JUPZrOjuLX.JPG,train
images/t086/NVUnquaiYO.jpg,train
images/t086/POGAwztGnl.jpg,train
images/t087/qBwoDxqhcm.JPG,train
images/t087/qpSGtJXKQG.jpg,train
images/t088/WAuKzhQaDr.jpg,train
images/t088/cppLBCcNEp.jpg,train
images/t089/PytSBiHroU.jpg,train
images/t089/qHYJPHIIqf.jpg,train
images/t090/IAaZWPnkeX.jpg,train
images/t090/PKCDvOFwue.jpg,train
images/t090/VzfbOzCEXL.JPG,train
images/t090/XwprCtjAua.JPG,train
images/t090/ckWXIjaiUr.JPG,train
images/t090/gQwwlKTbHe.JPG,train
images/t090/ikxifGWXWw.JPG,train
images/t090/izYEvSDrFc.jpg,train
images/t090/lKudJobWGa.JPG,train
images/t090/ptGZMdpgoc.JPG,train
images/t090/pyDvTYecnY.JPG,train
images/t091/ngkfAOslXj.JPG,train
images/t091/urhwsvShoM.jpg,train
images/t092/AvJAGJSlxZ.JPG,train
images/t092/CgPpeJQPNo.JPG,train
images/t092/EKwDUKtqlS.JPG,train
images/t092/FdwSKxceEL.JPG,train
images/t092/GhemOPMlIK.JPG,train
images/t092/KPOkmotARH.JPG,train
images/t092/QHMfmYgREw.JPG,train
images/t092/SeDdjpPlGJ.JPG,train
images/t092/SwRgXCFPEk.JPG,train
images/t092/TQHEOCKRtp.JPG,train
images/t092/VSqRDZCNxp.JPG,train
images/t092/XstOWSXpJX.JPG,train
images/t092/YYxrLUaxzW.JPG,train
images/t092/YgnavstANP.JPG,train
images/t092/ZlFuDrWPVv.JPG,train
images/t092/aExsSPouNa.JPG,train
images/t092/bnCzJaZSuK.JPG,train
images/t092/iPRyPKARXE.JPG,train
images/t092/kIHwlKLlOB.JPG,train
images/t092/mlnLNpNAbH.jpg,train
images/t092/nhlPDoYGey.JPG,train
images/t092/oqtmmlMSxJ.JPG,train
images/t092/pUBroGinPP.JPG,train
images/t092/pgCTmFXLxw.JPG,train
images/t092/rtGQztjMto.JPG,train
images/t092/svZlUDoXTo.JPG,train
images/t092/tKkSORYjqk.JPG,train
images/t093/OhntoAqNpk.JPG,train
images/t093/ouUIzCMKMF.jpg,train
images/t094/AdQcaZIZlq.JPG,train
images/t094/ByQuJlmuFR.JPG,train
images/t094/HgUuYrzqeT.JPG,train
images/t094/HqIxACGvQG.JPG,train
images/t094/OZhpfNcVHf.JPG,train
images/t094/OyCTvafgVO.JPG,train
images/t094/VCPHFkOhCr.JPG,train
images/t094/VDUMbMyiBT.jpg,train
images/t094/YRbAlqcjxY.JPG,train
images/t094/aXYVbXnMDs.JPG,train
images/t094/cGFYYKnMVR.JPG,train
images/t094/hBSeCMVZOk.JPG,train
images/t094/hYZafohLOd.JPG,train
images/t094/hcxrhRcTsc.JPG,train
images/t094/lGHevQcExa.jpg,train
images/t094/lWevIMdKAB.JPG,train
images/t094/lZkWLMzJFy.JPG,train
images/t094/okKcOPHkfe.JPG,train
images/t094/qmqWQQgxcj.JPG,train
images/t094/qpbIKUquyC.jpg,train
images/t094/suTTdjxCfb.JPG,train
images/t094/yEKsXTebkg.JPG,train
images/t094/zpiyaotSld.JPG,train
images/t095/BJTxQcTzrZ.JPG,train
images/t095/FeQsnfUoyb.JPG,train
images/t095/FoSWyewwcV.JPG,train
images/t095/LWDElQKAPf.JPG,train
images/t095/REvhaWJEFh.JPG,train
images/t095/TbPpAmxQlm.JPG,train
images/t095/TiRwgafEHY.JPG,train
images/t095/VNJdPMeXKK.JPG,train
images/t095/WlOvwYXxAU.JPG,train
images/t095/aLshHlFuzV.JPG,train
images/t095/dCzEIuyzKw.JPG,train
images/t095/eFzWQcWtbs.jpg,train
images/t095/erBuGVTpgg.JPG,train
images/t095/geKLJJYhpn.JPG,train
images/t095/gqKRFOHOhj.JPG,train
images/t095/mplhChAjLS.JPG,train
images/t095/oZEoYaYkJx.JPG,train
images/t095/sEDOKzqATe.JPG,train
images/t095/tuUNEJScXh.jpg,train
images/t096/GTyuOQleSw.jpg,train
images/t096/NEVSNamXMy.jpg,train
images/t096/mSbcZQWToJ.jpg,train
images/t096/tuoAQGMSNX.JPG,train
images/t097/BqQnMUfJQG.JPG,train
images/t097/FkuSIRrDap.JPG,train
images/t097/JoUdxThHXy.jpg,train
images/t097/LCiENDkWNh.jpg,train
images/t097/MctZsiCsmq.jpg,train
images/t097/UekCRgJaUy.JPG,train
images/t097/XXRitSXcJI.JPG,train
images/t097/abNglVENbz.JPG,train
images/t097/dIvvYqKKml.JPG,train
images/t097/jIthijhGxN.JPG,train
images/t097/uGzxxetfiB.JPG,train
images/t099/DEwaBMkasI.JPG,train
images/t099/EPmobXTgMx.JPG,train
images/t099/EasUBcKBtF.JPG,train
images/t099/EzZsNrxOtt.JPG,train
images/t099/HIcjKiwaLS.JPG,train
images/t099/JHRBqBTbJW.JPG,train
images/t099/JLOQJnzKJd.JPG,train
images/t099/LYhHITjhJe.JPG,train
images/t099/NrhlPECGwp.JPG,train
images/t099/OFBGgdzPpd.jpg,train
images/t099/OieVAhODNt.JPG,train
images/t099/SfbZaRxCzE.JPG,train
images/t099/XLueEKQlIE.JPG,train
images/t099/XrxlUIvmFU.JPG,train
images/t099/YMZhXEZkjX.jpg,train
images/t099/YOQXLcffVZ.JPG,train
images/t099/YRcDEhpcgy.JPG,train
images/t099/ZKxJtYgnnS.JPG,train
images/t099/bSWJXPptGe.JPG,train
images/t099/bcAaEfVOxx.JPG,train
images/t099/cOdYTJWKdL.JPG,train
images/t099/ceWwZhDZiq.JPG,train
images/t099/dRAcdASLJB.JPG,train
images/t099/deheatqaGf.JPG,train
images/t099/elWBjFdxnU.JPG,train
images/t099/fhSXBrwAsO.JPG,train
images/t099/ijbyBGdhOF.JPG,train
images/t099/mxFJSJbRCo.JPG,train
images/t099/nsWadGpUJq.JPG,train
images/t099/oonAOLPxji.JPG,train
images/t099/qWVzrQUmND.JPG,train
images/t099/thvahhvvhE.JPG,train
images/t099/wvVgidzmdb.JPG,train
images/t099/yGhuTyAaND.JPG,train
images/t099/zPPAyQCgKy.JPG,train
images/t101/AiEMbgYfIX.jpg,train
images/t101/ErfHaIClHW.jpg,train
images/t101/PIQxvoffSC.JPG,train
images/t101/ZNRMcyqImE.jpg,train
images/t102/AGbpwnGLVP.JPG,train
images/t102/CtMtVYVYFD.JPG,train
images/t102/DmJMmaVyHy.JPG,train
images/t102/GHInoodPFM.jpg,train
images/t102/HmQJSrQUny.jpg,train
images/t102/IFGDCMBuzu.JPG,train
images/t102/JaPUjyZtRf.JPG,train
images/t102/LPfEFkgEOs.JPG,train
images/t102/MFJjLGDWwt.JPG,train
images/t102/MOfmoYieRq.JPG,train
images/t102/PSpBAJnbGI.JPG,train
images/t102/QuJvaCowlq.jpg,train
images/t102/QwTICCnlrG.JPG,train
images/t102/RwbCTCqYQu.JPG,train
images/t102/SKTjfWyTjz.JPG,train
images/t102/WMZLFHXXjn.JPG,train
images/t102/WkzSZmcXho.JPG,train
images/t102/XpqvaUuhoJ.JPG,train
images/t102/YelNuYSyez.JPG,train
images/t102/bKzyibAUNb.JPG,train
images/t102/cTsYTvLQIa.JPG,train
images/t102/gOKBWcXMJv.JPG,train
images/t102/gqfCBTpegc.JPG,train
images/t102/hRUzbaFuYo.JPG,train
images/t102/jSJQVWcxWe.JPG,train
images/t102/lRHIAkUfwa.JPG,train
images/t102/mXfjqXYnqm.jpg,train
images/t102/nKwawpoKAK.JPG,train
images/t102/osLtWwVfoz.jpg,train
images/t102/pGoTiWiMYe.JPG,train
images/t102/wqVDUkSDyV.JPG,train
images/t102/xscbFzofxl.JPG,train
images/t102/xyhbxdJLFm.JPG,train
images/t102/zlbMFUdhKU.JPG,train
images/t102/zvDrcRunxQ.JPG,train
images/t103/DYPNAPKmDF.jpg,train
images/t104/NrHANOhZxQ.jpg,train
images/t104/OvLKPgsbEH.JPG,train
images/t104/VfAIvPqZSn.jpg,train
images/t104/cItzeIeFQo.jpg,train
images/t104/hWGTcvQUXo.JPG,train
images/t104/hhActFYvhR.JPG,train
images/t104/nXYWhyuHEv.jpg,train
images/t104/yqEEHgNoyG.jpg,train
images/t105/AilqwSjnxY.JPG,train
images/t105/NDnTCnMzUL.JPG,train
images/t105/OaTbgCJoun.JPG,train
images/t105/OmwHBGAQLC.JPG,train
images/t105/SjnQEXPIcP.JPG,train
images/t105/TKkSqmmALU.JPG,train
images/t105/ikESKdlixr.JPG,train
images/t105/jlBqJjyVAA.JPG,train
images/t105/lEgqODNymC.JPG,train
images/t105/mWccsVQYer.JPG,train
images/t105/mddTNJXrZX.JPG,train
images/t105/tNDPaWWtiq.jpg,train
images/t105/wGtoIZpZTm.JPG,train
images/t106/CoKWeRUmkY.JPG,train
images/t106/OkggDdJVAL.JPG,train
images/t106/dwtJgGCXVO.jpg,train
images/t106/eHBXmDnGml.jpg,train
images/t107/FmMipzvIFW.jpg,train
images/t107/TzryfFCipd.jpg,train
images/t107/cRLhkzkAcY.jpg,train
images/t107/jHxdACIiTR.JPG,train
images/t107/jjMTRXazoU.JPG,train
images/t108/WkkxMusPFy.jpg,train
images/t108/llHUSJDdKZ.jpg,train
images/t108/snLNUsngTp.jpg,train
images/t110/AiLhoqNdKL.JPG,train
images/t110/BCxVMTIffh.jpg,train
images/t110/CoqcznUkHs.JPG,train
images/t110/DjALOUcOJS.JPG,train
images/t110/DxzlAqQnRV.JPG,train
images/t110/EnLYqxgmxO.JPG,train
images/t110/FSVwuMBKGm.JPG,train
images/t110/FYUucjLdVa.JPG,train
images/t110/FqcGEKqgcj.JPG,train
images/t110/GMQKxdLNur.JPG,train
images/t110/GVDllfJYEm.jpg,train
images/t110/GZnxJOMWYD.JPG,train
images/t110/HMnNvlXUJd.JPG,train
images/t110/HnKNTAaClo.JPG,train
images/t110/LyXsXAQeUu.jpg,train
images/t110/MkCKNokxCT.JPG,train
images/t110/OAUxGJWPTU.JPG,train
images/t110/PzOocLQCTR.jpg,train
images/t110/QdhHOhHTKI.JPG,train
images/t110/QinPuTyave.JPG,train
images/t110/RuAZHTsnsX.JPG,train
images/t110/RzaZSUBllI.JPG,train
images/t110/SOQyUayzxu.JPG,train
images/t110/TSTPGcLtnf.JPG,train
images/t110/UJKZEWMhJg.JPG,train
images/t110/UdOvhkYRvx.jpg,train
images/t110/UppaEbaoWM.jpg,train
images/t110/VIaotKSPmu.jpg,train
images/t110/VMACpeRGiE.JPG,train
images/t110/YIoxoFtpvT.JPG,train
images/t110/YWaMhDVGAx.JPG,train
images/t110/YbSdVbzGEo.JPG,train
images/t110/adTmyVFBsx.JPG,train
images/t110/bkQOosSGdb.JPG,train
images/t110/cvZLGXYQgE.JPG,train
images/t110/fNOQFNVTDk.JPG,train
images/t110/goJiMIFUFU.JPG,train
images/t110/gsUvPDDxjy.JPG,train
images/t110/hDKhjuwIEj.JPG,train
images/t110/iIlHaYIeKq.JPG,train
images/t110/jkwTPpRZCp.jpg,train
images/t110/jsjrKKDuoA.JPG,train
images/t110/kfQvydxWKL.JPG,train
images/t110/lunxKmiwaE.JPG,train
images/t110/mbvVvTZRdj.JPG,train
images/t110/oQwMNSRJdp.JPG,train
images/t110/oWwcGCzqrQ.JPG,train
images/t110/pPxxmKWIdX.JPG,train
images/t110/puLVCqvcEY.JPG,train
images/t110/qOwIZbleKJ.JPG,train
images/t110/sQBGajwEwJ.JPG,train
images/t110/sfJwFMCKdJ.jpg,train
images/t110/sjEpJrErcl.jpg,train
images/t110/tLIthuygMU.jpg,train
images/t110/ubItXaUpOp.JPG,train
images/t110/ukHIZTOYRA.JPG,train
images/t110/uvJVolLZWp.JPG,train
images/t110/wDYQYUFjAq.JPG,train
images/t110/wpIxXZHAnQ.JPG,train
images/t110/xQSolpTOqz.JPG,train
images/t110/yIiEoxmjQk.JPG,train
images/t112/HOYnbhqoqO.JPG,train
images/t112/RnOgshRQXP.jpg,train
images/t112/kTXHAmBsoK.jpg,train
images/t113/AGFJWDclKY.JPG,train
images/t113/EZHSBLRPGo.JPG,train
images/t113/LHpjAhgitr.jpg,train
images/t113/bDnEWBjkDY.jpg,train
images/t114/MVvAdutpMZ.jpg,train
images/t114/QrqonkkaKf.JPG,train
images/t114/TjpVToUZKA.JPG,train
images/t114/UWOuwwyWbP.jpg,train
images/t114/cWvwWXkoan.JPG,train
images/t114/rHlpbBrymQ.JPG,train
images/t114/tpTlGRGEXl.jpg,train
images/t114/uyUUpNCEEu.jpg,train
images/t114/xwCrLEoseq.jpg,train
images/t114/zwRtFZIQcE.jpg,train
images/t115/BHtsNHRRlv.JPG,train
images/t115/BiUfibuBMO.jpg,train
images/t115/FHGyAUSLjP.JPG,train
images/t115/HBEMKnRtrE.jpg,train
images/t115/HoIPFTkBCk.jpg,train
images/t115/JVFpjXdAcV.jpg,train
images/t115/JlEILlTqTI.jpg,train
images/t115/LKpBZmuyCP.jpg,train
images/t115/LWyPWkENYw.jpg,train
images/t115/MGOHiYDCMk.JPG,train
images/t115/NZFsUIAIWC.JPG,train
images/t115/SUvQOMwoVC.jpg,train
images/t115/TGezHcasJq.jpg,train
images/t115/ZUrPjrWxyi.jpg,train
images/t115/ZZHoeLtBgB.JPG,train
images/t115/ZidFFSjMlx.jpg,train
images/t115/alRPDgnxGH.JPG,train
images/t115/aoJCuGjMyT.jpg,train
images/t115/fmCLiFrhZn.jpg,train
images/t115/iOxLhcLKNY.jpg,train
images/t115/ilogqPVrgj.jpg,train
images/t115/mWUdhpedna.JPG,train
images/t115/sPAaOHcfci.jpg,train
images/t115/vUEFBWiiZr.JPG,train
images/t115/vopdQzaPae.jpg,train
images/t115/xiWnZVGpFC.JPG,train
images/t115/xjhznnZGzQ.JPG,train
images/t116/TbjRZlKetW.jpg,train
images/t116/mZODRfwEzf.jpg,train
images/t116/zvSiFDOQLy.JPG,train
images/t118/McngQZWLoz.jpg,train
images/t118/VmIBtBhGtd.JPG,train
images/t118/duVSfCXBzs.JPG,train
images/t118/ncWPYmNuwU.JPG,train
images/t118/uAKtNLbiSj.JPG,train
images/t118/yrqXUqOyQo.JPG,train
images/t119/EgggxHpNkZ.JPG,train
images/t119/ObBRPnYiAI.jpg,train
images/t119/YBJNeUCSkI.jpg,train
images/t119/aAtsULOrbK.JPG,train
images/t119/pcWbbOlQqV.jpg,train
images/t119/vBAxPFjkCi.JPG,train
images/t120/pKGKUmGNUu.JPG,train
images/t120/saazeVLgDt.jpg,train
images/t121/BOoeiOlEJV.jpg,train
images/t121/JBASNHcmdq.JPG,train
images/t121/LvOtceLvXb.JPG,train
images/t121/MiaErUruWz.JPG,train
images/t121/QFCXYaZItI.JPG,train
images/t121/VnhwbnVozm.JPG,train
images/t121/VuDdwePogG.JPG,train
images/t121/YhQeXdoxBn.jpg,train
images/t121/gfLbofNMTA.JPG,train
images/t121/pTpuQaePdS.jpg,train
images/t121/wdDdCHePmB.jpg,train
images/t121/yyWEwLiXaU.JPG,train
images/t123/KZjHMjnwoW.JPG,train
images/t123/hzclZEjbUW.JPG,train
images/t123/iasYnDEwap.JPG,train
images/t123/umdRlMBVgN.jpg,train
images/t123/woBwIiwvwz.JPG,train
images/t124/PSMjZRiOgN.jpg,train
images/t124/UVGxbpffXc.jpg,train
images/t124/WVqhXNPWFk.jpg,train
images/t124/tgnDHmkmyT.JPG,train
images/t125/dIiXRGdpSR.jpg,train
images/t125/fGukUiHFqT.jpg,train
images/t125/fswpzEYnJL.JPG,train
images/t125/jOIAEQOhKI.jpg,train
images/t125/usdJqEBOKj.JPG,train
images/t125/ypGZXmkHea.jpg,train
images/t127/AtkraZZZyZ.jpg,train
images/t127/MgFMjbjJsN.jpg,train
images/t127/SeIiEstFTQ.JPG,train
images/t127/WNKygjXYmJ.jpg,train
images/t127/bhwsyPnMyI.JPG,train
images/t127/hxapqSLWPy.JPG,train
images/t127/iaFppliuTo.JPG,train
images/t127/pFbsauXrDY.jpg,train
images/t128/JjKRcBcSBe.jpg,train
images/t128/XbESPmakTj.jpg,train
images/t128/nqnrnZIbOi.jpg,train
images/t128/uHLxEYYlBX.JPG,train
images/t129/DsMMjYfSdN.JPG,train
images/t129/fwkyBpFcKL.JPG,train
images/t129/nrHsajFZqY.jpg,train
images/t129/peEljQPZFd.jpg,train
images/t129/qQBDuEHgko.JPG,train
images/t129/tEBWWDbmBv.JPG,train
images/t130/QRKTadlFmV.jpg,train
images/t130/aAlzJMAsWB.JPG,train
images/t130/hedjYeomrb.jpg,train
images/t131/AgxrkiZIOJ.jpg,train
images/t131/CQIABYaljT.JPG,train
images/t131/FchiuQRczd.JPG,train
images/t131/FsFfCdwNPV.JPG,train
images/t131/IhrPGpIlke.JPG,train
images/t131/KTljLGzESl.JPG,train
images/t131/QNVqiyZJIh.JPG,train
images/t131/QguyedShxA.JPG,train
images/t131/RXOoBfJKsw.JPG,train
images/t131/ZEzNfdFAXe.JPG,train
images/t131/afFFMMhUHi.JPG,train
images/t131/epaIsnNLKq.JPG,train
images/t131/lYVoxyYkjn.JPG,train
images/t131/mZiqwslles.JPG,train
images/t131/mitDRRulPG.JPG,train
images/t131/obFmSLBuUz.JPG,train
images/t131/ppTRtzDCLh.JPG,train
images/t131/qsbgbGFNsH.jpg,train
images/t131/rvDteSgjlN.JPG,train
images/t131/sqEDEnHvgD.JPG,train
images/t131/vyHMKRKSTr.JPG,train
images/t131/wgBYNrpHDG.JPG,train
images/t131/zDnKomAflA.JPG,train
images/t131/zlvAXvIhBk.JPG,train
images/t132/PRPPwFnunf.JPG,train
images/t132/UBmeDrmvfC.jpg,train
images/t132/esREsdhFBV.JPG,train
images/t133/IzBrbtWKfQ.jpg,train
images/t133/bxmXhHwbHB.JPG,train
images/t133/ihPvEColet.jpg,train
images/t135/BjJgAkkPcB.JPG,train
images/t135/ZuGoPtaAfR.JPG,train
images/t135/xXAdyhEQMZ.JPG,train
images/t136/BOSnuTlewG.JPG,train
images/t136/BgbpeRdwRk.JPG,train
images/t136/DGTTHFtHad.jpg,train
images/t136/HPvLIGMIiA.jpg,train
images/t136/NlADChnHBl.JPG,train
images/t136/PBqUQWkQhZ.JPG,train
images/t136/VkbmpAdDGI.JPG,train
images/t136/XFsNnfFGwb.JPG,train
images/t136/djSphRNPTq.jpg,train
images/t136/dyfoMQhnoh.JPG,train
images/t136/fwbGxOmDjb.JPG,train
images/t136/gtwEfdWtpz.JPG,train
images/t136/ijgjienWlU.JPG,train
images/t136/jDkmeuqnKF.JPG,train
images/t136/mUkuvOsCLE.JPG,train
images/t136/qwtGFkAker.JPG,train
images/t136/rvcKRoyttt.JPG,train
images/t136/rzOqSsTCFs.jpg,train
images/t136/wiyKRKAGhx.JPG,train
images/t136/xkIDaCZTkD.jpg,train
images/t136/yIxgoPAQYM.JPG,train
images/t136/zhNrPexIvz.jpg,train
images/t136/ztMVXcEBsB.JPG,train
images/t136/zwDHhqTnHD.JPG,train
images/t137/BovnGabKWU.JPG,train
images/t137/DRpLQLKaCW.JPG,train
images/t137/DXPCgDFgoJ.JPG,train
images/t137/EWYPjmgVna.JPG,train
images/t137/NJydleQfIp.JPG,train
images/t137/NvQoYDxGHv.JPG,train
images/t137/PTqNIScWvP.JPG,train
images/t137/PuofFVFdgb.JPG,train
images/t137/SJtiPVtmdC.JPG,train
images/t137/UyIKCoXWYy.JPG,train
images/t137/XBojjevLBk.JPG,train
images/t137/XqOpBHwkqg.JPG,train
images/t137/YEKUbcsUqy.JPG,train
images/t137/YPdphxKGTY.JPG,train
images/t137/bHXOBEhULN.JPG,train
images/t137/djcxHhjfrj.JPG,train
images/t137/eKFRsVCbwt.JPG,train
images/t137/eWEqbiBdvL.JPG,train
images/t137/gKkeKIrAht.JPG,train
images/t137/hIZSJIFTCP.JPG,train
images/t137/hqsLucigus.JPG,train
images/t137/nILPgmcaNK.JPG,train
images/t137/nnbWejwBJB.JPG,train
images/t137/pGioYrabks.JPG,train
images/t137/pHOuCqsqku.JPG,train
images/t137/rWodFTtYYp.JPG,train
images/t137/rxlxYbwLPI.JPG,train
images/t137/uFMqebiEui.JPG,train
images/t137/ugFeIMtofT.JPG,train
images/t137/vonGuvWtaW.JPG,train
images/t137/vqDqsxdabD.JPG,train
images/t137/xsWNTTlnup.JPG,train
images/t138/CJYiEhQBEn.JPG,train
images/t138/KgUHLftHQj.JPG,train
images/t138/dTPeEvhcZv.JPG,train
images/t138/yxqLCmDvmh.JPG,train
images/t139/BhqylEjCyl.JPG,train
images/t139/FkEpLBvrMf.JPG,train
images/t139/FqNyiHwNLL.JPG,train
images/t139/GxFgqMmQdG.JPG,train
images/t139/HDTaNlstEx.JPG,train
images/t139/HVOgmcsJTv.JPG,train
images/t139/HghIBRNOYC.JPG,train
images/t139/JXMsqxILYd.JPG,train
images/t139/KNFjQxbuhN.JPG,train
images/t139/MbdAmBTnYg.JPG,train
images/t139/PEtkLcPfnV.JPG,train
images/t139/RTPSLvQLIz.JPG,train
images/t139/TpRZrDDivb.JPG,train
images/t139/UNSHTkaZBp.JPG,train
images/t139/YCEyQNYkOT.JPG,train
images/t139/bUvrwIHPPZ.JPG,train
images/t139/brclADqwHG.JPG,train
images/t139/tbHoiEZJCl.JPG,train
images/t139/vEvyZHeiMY.JPG,train
images/t139/wJnKckLcnM.JPG,train
images/t139/wPcJpQHAJC.JPG,train
images/t139/xnUvRGQgLM.JPG,train
images/t140/BDLcPRQgrF.JPG,train
images/t140/FjdLQQbYiL.JPG,train
images/t140/gZqbNvERRe.JPG,train
images/t140/hiNjudajAM.JPG,train
images/t140/pFnownPufm.JPG,train
images/t141/AGLMmxoqmL.JPG,train
images/t141/KOyzfbOWHI.jpg,train
images/t141/KaeVVaLUaQ.JPG,train
images/t141/PEMHXxegcf.JPG,train
images/t141/UUeLFasnnW.JPG,train
images/t141/VysUDcVjim.JPG,train
images/t141/kEVnjaeNFu.JPG,train
images/t141/mgJrpCUero.JPG,train
images/t141/sasomBRBND.JPG,train
images/t142/PhBASzocFG.JPG,train
images/t142/ekBrmiXlMk.JPG,train
images/t142/sEldAkqGCl.JPG,train
images/t142/wMKEcSvTgM.JPG,train
images/t143/GuKnQEnBhs.JPG,train
images/t143/JQWnfGeshK.JPG,train
images/t143/bpAoYJviPb.JPG,train
images/t143/yfPpAwocki.JPG,train
images/t144/ChozqIZnMn.JPG,train
images/t144/NMpGgJuYne.JPG,train
images/t144/OibbubOSSU.JPG,train
images/t144/PGCwmmZjCg.JPG,train
images/t144/QbPJyAXCAI.JPG,train
images/t144/huCbxMTCYS.JPG,train
images/t144/lBHSMnDnrq.JPG,train
images/t144/pypeINCGkf.JPG,train
images/t145/PPocinNjtl.JPG,train
images/t145/RLNfjPIrbk.JPG,train
images/t145/WvNibUVRYa.JPG,train
images/t145/eOjUjzeETY.JPG,train
images/t145/ejntmxpJkJ.JPG,train
images/t145/gYPAFkCGLS.JPG,train
images/t145/hCNHoEkEea.JPG,train
images/t145/ibbnZZyfPD.JPG,train
images/t145/mukhaGALIn.JPG,train
images/t145/nvwjXilajT.JPG,train
images/t145/xkfJVTHQnB.JPG,train
images/t146/BmoSMKFOpX.JPG,train
images/t146/DTfAVBqJUS.JPG,train
images/t146/JecJulGNPB.JPG,train
images/t146/KbQOxRHmIz.JPG,train
images/t146/KkBHDUaKaA.JPG,train
images/t146/LMAdDhMRMB.JPG,train
images/t146/MAFyeARYlY.JPG,train
images/t146/OfDKBWkaWO.JPG,train
images/t146/XpjtGUTPnN.JPG,train
images/t146/aRnbRMpfed.JPG,train
images/t146/amZkyinVTE.JPG,train
images/t146/bAAdJkBBYK.JPG,train
images/t146/iSMwWjBimy.JPG,train
images/t146/knUfnBamIC.JPG,train
images/t146/pqjNAYUWXP.JPG,train
images/t146/rCCRsWVbuq.JPG,train
images/t146/soHKNxqAxQ.JPG,train
images/t146/tSIFyxbTVl.JPG,train
images/t146/umjVzjlZrr.JPG,train
images/t146/vOfePQBUzf.JPG,train
images/t146/weGgsLsgFh.JPG,train
images/t148/GMPXOYTBBI.JPG,train
images/t148/TYrUhSyKrr.JPG,train
images/t148/WecphWtMfn.JPG,train
images/t148/vwtcrZBZsu.JPG,train
images/t148/xpMccRAcKC.JPG,train
images/t149/JnElJAtLDr.JPG,train
images/t149/OHcoPTmuRP.JPG,train
images/t149/nxkwwnlCCJ.JPG,train
images/t149/yynPJJDcTM.JPG,train
images/t150/FDpQRtHqVb.JPG,train
images/t150/FaXCbUXGiX.JPG,train
images/t150/TQrJxSXCvb.JPG,train
images/t150/dLEPRooqTG.JPG,train
images/t150/qnztMGVGzP.JPG,train
images/t151/LiwRnWZlLo.JPG,train
images/t151/PvzgcXWkuy.JPG,train
images/t151/ToezEWUfuk.JPG,train
images/t151/VrpwuKjlBX.JPG,train
images/t151/hrxICKCQbe.JPG,train
images/t151/hscpZoduSv.JPG,train
images/t151/iqgleUVCfG.JPG,train
images/t151/ojFnqgXQuk.JPG,train
images/t151/sbfabJaZvQ.JPG,train
images/t151/uFTAJByLKp.JPG,train
images/t151/vhDCoKPEvR.jpg,train
images/t151/vxNhtQqpGv.JPG,train
images/t152/BdYEEIvykw.JPG,train
images/t152/PaPwSPpBxH.JPG,train
images/t152/SXyOlnQwsQ.JPG,train
images/t152/ikOdjEjhZI.JPG,train
images/t154/CBKOeLWSdS.JPG,train
images/t154/ntGZZQZXPM.JPG,train
images/t154/pHxTZzLfYv.JPG,train
images/t155/AsfDvTmmdR.JPG,train
images/t155/MHoqXmKOeo.JPG,train
images/t155/PsCxsgNYQX.JPG,train
images/t155/gLlskmJcex.JPG,train
images/t155/uknVXGVXBt.JPG,train
images/t156/CQsKJfjxwu.JPG,train
images/t156/QVTyNEIBuS.JPG,train
images/t156/eUXCctlAsQ.JPG,train
images/t156/kuyGCNFWSM.JPG,train
images/t156/kxGMFmQKMU.JPG,train
images/t157/FQNPajeBYd.JPG,train
images/t157/GlAcIiUGqN.JPG,train
images/t157/KwaHuyRKjw.JPG,train
images/t157/OYLuryBVcE.JPG,train
images/t157/QEfDoFKpLl.JPG,train
images/t157/blzCVWUqSI.JPG,train
images/t157/cwXNsIVEFz.JPG,train
images/t157/onmATVzAyB.JPG,train
images/t157/otAGgmcwyp.JPG,train
images/t157/qZhmAZAvzM.JPG,train
images/t157/vhxDcAuCMJ.JPG,train
images/t157/zBWYsfDWOj.JPG,train
images/t158/DEVZGBwCSo.JPG,train
images/t158/DWPcxbdgyJ.JPG,train
images/t158/GweJLarZeN.JPG,train
images/t158/HMdULqFnmL.JPG,train
images/t158/HWMpNBiIjM.JPG,train
images/t158/IovoguJyGx.JPG,train
images/t158/IxEIQXwaAp.JPG,train
images/t158/JKWJAzfdwK.JPG,train
images/t158/JoADcdLZIu.JPG,train
images/t158/KAOdNlkGhw.JPG,train
images/t158/LXnBPcNyIK.JPG,train
images/t158/MSAdzbKzGH.JPG,train
images/t158/NnHueYICuU.JPG,train
images/t158/OardgXHpyJ.JPG,train
images/t158/PsciviRzLX.JPG,train
images/t158/RJXKcEkncm.JPG,train
images/t158/SdkAONAZht.JPG,train
images/t158/TcwumJUtbT.JPG,train
images/t158/XlHjqwYVYn.JPG,train
images/t158/YBnnfuBAAB.JPG,train
images/t158/YPszaazyHn.JPG,train
images/t158/YVEXzGcsLB.JPG,train
images/t158/ZaHuWhQDpX.JPG,train
images/t158/aSJGTICIsM.JPG,train
images/t158/bWcUPpwCfy.JPG,train
images/t158/cXnGPJLLIp.JPG,train
images/t158/cfZthSMCsU.JPG,train
images/t158/dCDbXdcQrX.JPG,train
images/t158/doSdXJAWDT.JPG,train
images/t158/gDszOkzMvP.JPG,train
images/t158/hnEUaSREvf.JPG,train
images/t158/iTECNRPxUJ.JPG,train
images/t158/ioRHnKZRtn.JPG,train
images/t158/jOLGtmrIBt.JPG,train
images/t158/lsohKvLlny.JPG,train
images/t158/qLSjdbLqgk.JPG,train
images/t158/rvDxsQYNzk.JPG,train
images/t158/sTDnEcuLaD.JPG,train
images/t158/tafHuJgmMd.JPG,train
images/t158/ushheeONuO.JPG,train
images/t158/yMkFBOSIHH.JPG,train
images/t158/yXXumTCIAf.JPG,train
images/t158/ydJsqOFUpE.JPG,train
images/t158/zdMKsywxrj.JPG,train
images/t159/AGmZzeDVPV.JPG,train
images/t159/FNzRiFbfEX.JPG,train
images/t159/GvlqkvjBwB.JPG,train
images/t159/JKppOceBHX.JPG,train
images/t159/KfxIWmdigF.JPG,train
images/t159/LiHgaQBWRB.JPG,train
images/t159/MMIREAYnbC.JPG,train
images/t159/MbRfNgEupX.JPG,train
images/t159/MkidlJfViv.JPG,train
images/t159/NzRJaNhbxJ.JPG,train
images/t159/PQKNGdlxTF.JPG,train
images/t159/TpRWKXPdas.JPG,train
images/t159/UKkVLTVAIZ.JPG,train
images/t159/UsNcOoBdzx.JPG,train
images/t159/WFvrcaxYPX.JPG,train
images/t159/ajywjtMuQR.JPG,train
images/t159/dIXOdwrNFf.JPG,train
images/t159/dJubVVsgcv.JPG,train
images/t159/dsdnyNGRLp.JPG,train
images/t159/jLimHKEunf.JPG,train
images/t159/nYkGUwwVKl.JPG,train
images/t159/oGpRGfRpIx.JPG,train
images/t159/ppqeUCQWjX.JPG,train
images/t159/qDjBUoWBYQ.JPG,train
images/t159/ssPQfFKFXx.JPG,train
images/t159/xceDtGwKXM.JPG,train
images/t160/CLuLlbpnFY.JPG,train
images/t160/EVQMlmKQBg.JPG,train
images/t160/GbOmJXpeWD.JPG,train
images/t160/IgntsZGleB.JPG,train
images/t160/JfXPJlinKH.JPG,train
images/t160/KxIMlxCZvt.JPG,train
images/t160/PNqxOdoBfY.JPG,train
images/t160/QDgszYukLQ.JPG,train
images/t160/QVOXmZTbDF.JPG,train
images/t160/RKlhkwPIxT.JPG,train
images/t160/SmQjTXjtTQ.JPG,train
images/t160/VcdARKlbLh.JPG,train
images/t160/VuwrFlPRmM.JPG,train
images/t160/YaULmPSgfZ.JPG,train
images/t160/YivZaOLQQz.JPG,train
images/t160/bIeNjNmPqN.JPG,train
images/t160/cbxBazMwkh.JPG,train
images/t160/csqegVZPys.JPG,train
images/t160/eDuZyaAOXY.JPG,train
images/t160/ecgHVVdPco.JPG,train
images/t160/lINiDSrNEW.JPG,train
images/t160/nTkDXqovlD.JPG,train
images/t160/niUxBWqyPz.JPG,train
images/t160/qAvqgXDSBR.JPG,train
images/t160/qlPSxfHHGh.JPG,train
images/t160/srhmZklPQD.JPG,train
images/t160/sxibwYRTwK.JPG,train
images/t160/uroNNywupS.JPG,train
images/t160/xTZczRhSoX.JPG,train
images/t160/yImndNNPeE.JPG,train
images/t160/yXtWbuVZxE.JPG,train
images/t160/yqyfmaCvvp.JPG,train
images/t161/AIhowavQOX.JPG,train
images/t161/BocLuGyixC.JPG,train
images/t161/MVRYqCMQxy.JPG,train
images/t161/SlCRMoskAS.JPG,train
images/t161/bZExjNVbYl.JPG,train
images/t161/eLAGwjERlH.JPG,train
images/t161/eaMAeEURto.JPG,train
images/t161/jMMDPxMhJf.JPG,train
images/t161/mAkBBGqcMV.JPG,train
images/t161/pBAOemNhwH.JPG,train
images/t161/piWwUkatsC.JPG,train
images/t162/FnLJJgGffS.JPG,train
images/t162/RIRMynXMqF.JPG,train
images/t162/WGHCQsWmyY.JPG,train
images/t162/XsiYXzzcwc.JPG,train
images/t162/lTlSHnUfJE.JPG,train
images/t163/BVlLkaTZkY.jpg,train
images/t163/IUajMpsjmw.JPG,train
images/t163/JmhiVhMcbT.JPG,train
images/t163/LqBQJfoqCe.JPG,train
images/t163/MAVCNlPfDT.JPG,train
images/t163/MhSpvVJAHe.JPG,train
images/t163/OFyCePArIe.JPG,train
images/t163/PHcrMyGqkq.JPG,train
images/t163/SxhPJXMRXw.JPG,train
images/t163/TIndfecGiL.JPG,train
images/t163/aXMTWKCKBe.JPG,train
images/t163/cAVAtfHmhW.JPG,train
images/t163/cAqMjmetYG.JPG,train
images/t163/cqDmUfYsbZ.JPG,train
images/t163/dKFEbRzzCO.JPG,train
images/t163/dzJRdWXszJ.JPG,train
images/t163/eISwbUrQNc.JPG,train
images/t163/qjzWvxEMIe.JPG,train
images/t163/uugrnrjFNS.JPG,train
images/t163/wSVDSLddrI.JPG,train
images/t163/ztWABizBNe.JPG,train
images/t164/AqCJPaBxZK.JPG,train
images/t164/CAyhwbMmUF.JPG,train
images/t164/EqersbkEoM.JPG,train
images/t164/GgYeGOhkzw.JPG,train
images/t164/KSHwqgTWrz.JPG,train
images/t164/YYVCNZNKeM.JPG,train
images/t164/llmMxUYdrK.JPG,train
images/t164/pqlTfnQShF.JPG,train
images/t164/qPLjEyuBcL.JPG,train
images/t164/uWHCKvKMVm.JPG,train
images/t164/xFcJnlMUeT.JPG,train
images/t165/AHneIITrkr.JPG,train
images/t165/CIQzOzTvTY.JPG,train
images/t165/CfWyyzGJkz.JPG,train
images/t165/DKgZqECWXQ.JPG,train
images/t165/DeXmBITguY.JPG,train
images/t165/DjfrgtOrSt.JPG,train
images/t165/EtYHZAGNEh.JPG,train
images/t165/HjqZSQtkDW.JPG,train
images/t165/HlRczjwqvV.JPG,train
images/t165/IjNAGVJPgU.JPG,train
images/t165/LQVGuuzPOk.JPG,train
images/t165/NuJZaxTMew.JPG,train
images/t165/ROBPOhcGmC.JPG,train
images/t165/TMeCaEqfVF.JPG,train
images/t165/cfxSZAAfWp.JPG,train
images/t165/dnswtdClaQ.JPG,train
images/t165/erkXQjOEDd.JPG,train
images/t165/jfRzKmyNtH.JPG,train
images/t165/nAPppHJeDg.JPG,train
images/t165/nKKplarQHF.JPG,train
images/t165/wkJrXObZyu.JPG,train
images/t165/zFBrGMasio.JPG,train
images/t166/BArqHeAbAi.jpg,train
images/t166/EeUgaUFwaO.JPG,train
images/t166/GuXQwnNgXC.jpg,train
images/t166/KaZWPeFCLg.JPG,train
images/t166/KnhLMnjkVa.JPG,train
images/t166/PcmDukSuHo.JPG,train
images/t166/QNDWhcJYGu.JPG,train
images/t166/QPxQBRPyFX.jpg,train
images/t166/WeqWQarNAb.jpg,train
images/t166/ZQwFNwtuRP.JPG,train
images/t166/ZbpClBpSHb.JPG,train
images/t166/ceGgahMtbJ.JPG,train
images/t166/dkpgKzLMZH.JPG,train
images/t166/isOXDItGaS.JPG,train
images/t166/lDXUsYccwR.JPG,train
images/t166/nilgsGRDrX.jpg,train
images/t166/rEsohUCBAV.JPG,train
images/t167/DFoGPoSNJC.JPG,train
images/t167/ELEjLUKnfI.JPG,train
images/t167/ELPFJxwDQJ.JPG,train
images/t167/EhjCpihSvW.JPG,train
images/t167/KnVJqQEIoS.JPG,train
images/t167/QRxxEkDOpX.JPG,train
images/t167/USdPaiitvF.JPG,train
images/t167/UwOrRDZCbj.JPG,train
images/t167/YPHKflRzcj.JPG,train
images/t167/YsnATCrjma.JPG,train
images/t167/ZJgZywyKUn.JPG,train
images/t167/bglATIsbbz.JPG,train
images/t167/evTxVdozMi.JPG,train
images/t167/jZbHTctCoZ.JPG,train
images/t167/lWKkbTKfsv.JPG,train
images/t167/nSMUgwdiAR.JPG,train
images/t167/niACETubSw.JPG,train
images/t167/sMOaGUlERP.JPG,train
images/t167/sqlsOWSzHh.JPG,train
images/t167/tFGBdqlGCz.JPG,train
images/t167/tbwMWIrgzQ.JPG,train
images/t167/xYyfWCvTlV.JPG,train
images/t167/xleUQlsblK.JPG,train
images/t168/AsnUHPMLGp.JPG,train
images/t168/ElChMauEuT.JPG,train
images/t168/IgpuyHhSeq.JPG,train
images/t168/SiHvWypqTd.JPG,train
images/t168/VfAzScYzZn.JPG,train
images/t168/VnGeTLViar.JPG,train
images/t168/eGLxityeRO.JPG,train
images/t168/gBQnuoduVP.JPG,train
images/t168/joGgCXLoyE.JPG,train
images/t168/raeuLHWVLT.JPG,train
images/t169/CwqLauhRDM.JPG,train
images/t169/EAtcbITTFi.JPG,train
images/t169/EJFIVpprrr.JPG,train
images/t169/FZQzveqzXL.JPG,train
images/t169/FyzqbejkJD.JPG,train
images/t169/PKkisMzlCH.JPG,train
images/t169/QgfNxIkdDZ.JPG,train
images/t169/hRWzYRSepP.JPG,train
images/t170/FzMylIXByx.JPG,train
images/t170/grXCFADPwB.JPG,train
images/t170/htioWRZoez.jpg,train
images/t170/iQUUYuoEXJ.JPG,train
images/t170/wAOPkrFdyU.JPG,train
images/t171/BQxJlsfCpC.JPG,train
images/t171/BzDSoEXCrH.JPG,train
images/t171/CKTMWqkuDW.JPG,train
images/t171/FCrLBiWLBT.JPG,train
images/t171/HAPrTlPFOV.JPG,train
images/t171/IEufKAgQRR.JPG,train
images/t171/IQnTicSmMm.JPG,train
images/t171/KIUFDyOuys.JPG,train
images/t171/KpZSnQyDTR.JPG,train
images/t171/MRIHeNAUjp.JPG,train
images/t171/MUeyyroQqt.JPG,train
images/t171/SGBuPQxscE.JPG,train
images/t171/VZfpcBmwPd.JPG,train
images/t171/YAzzMfRvRH.JPG,train
images/t171/ZxPmnavOuL.JPG,train
images/t171/bdPsBdCTWi.JPG,train
images/t171/dVvFgIeTlE.JPG,train
images/t171/eVNfywiDsU.JPG,train
images/t171/jCVzPzydSu.JPG,train
images/t171/kCpEBLqPdu.JPG,train
images/t171/lXEWqapAMI.JPG,train
images/t171/mawXEFybQN.JPG,train
images/t171/qsEhkFGCcJ.JPG,train
images/t171/rFoWLNQHGv.JPG,train
images/t171/vXPegdIkGa.JPG,train
images/t171/vXxSevfEnK.JPG,train
images/t171/wDkbQHzvzM.JPG,train
images/t171/zQVAQKnYkN.JPG,train
images/t172/ExFsApKMhd.JPG,train
images/t172/KQhxfgZObJ.JPG,train
images/t172/MriCdRsnqA.JPG,train
images/t172/YSsTkuMkRp.JPG,train
images/t172/ZOlsEdZYIj.JPG,train
images/t172/fEKcYsEzTA.JPG,train
images/t172/hZMrpKDpGh.JPG,train
images/t172/kQvdpXBeOf.JPG,train
images/t172/nawdhzHNUV.JPG,train
images/t173/AvUatvSMcm.JPG,train
images/t173/MnaLBWRCbI.JPG,train
images/t173/ZXHbjwqxsX.JPG,train
images/t173/xwLTJXYMsp.JPG,train
images/t174/GcSqXXTbXo.JPG,train
images/t174/GkQiUXJBZs.JPG,train
images/t174/KPYnANucnI.JPG,train
images/t174/LYHqLwlOcs.JPG,train
images/t174/PBcDLGqILc.JPG,train
images/t174/QdIenyTgnk.JPG,train
images/t174/TPEqQYUCGf.JPG,train
images/t174/VEGDWGJBwW.JPG,train
images/t174/VGtCWCDQGN.JPG,train
images/t174/VOUttCcjHN.JPG,train
images/t174/ekJyRbejgZ.JPG,train
images/t174/tpsMOhrLvj.JPG,train
images/t174/uioGxfiJJJ.JPG,train
images/t174/uryEozcLhI.JPG,train
images/t174/vHseChwoTy.JPG,train
images/t174/yRhtpYDMQX.JPG,train
images/t175/BqxEonfsqK.JPG,train
images/t175/CyLTFkAlNM.JPG,train
images/t175/DWoUljgFST.JPG,train
images/t175/DbFrFVfJof.JPG,train
images/t175/EYslnZQRLw.JPG,train
images/t175/tWgBihjCSV.JPG,train
images/t175/yFnEFLlktA.JPG,train
images/t177/LjajZKrvKc.JPG,train
images/t177/NiiLUkQYWM.JPG,train
images/t177/aqFlCHAwHJ.JPG,train
images/t180/EhcWQrMTiO.JPG,train
images/t180/FRYtBHAwGg.JPG,train
images/t180/FcbaNldaUb.JPG,train
images/t180/HCydgAQgGB.JPG,train
images/t180/HDjsONQSvh.JPG,train
images/t180/JrOhDkUlta.JPG,train
images/t180/PpeCuHKItW.JPG,train
images/t180/anPtEuoGtW.JPG,train
images/t180/nHoHdeLPzy.JPG,train
images/t180/oxaggiqOJe.JPG,train
images/t180/pfJsvMIySV.JPG,train
images/t180/rCpMIIYuWY.JPG,train
images/t180/rlOOubBYUP.JPG,train
images/t180/skFpPWRNCA.JPG,train
images/t180/ywwuPRNBIe.JPG,train
images/t181/DiWPVTPqoK.JPG,train
images/t181/HLvzVKOUks.JPG,train
images/t181/IfNFOtQjCh.JPG,train
images/t181/JIzcMTNerS.JPG,train
images/t181/OaaXhxshDm.JPG,train
images/t181/dhcAmIgbNL.JPG,train
images/t181/nInakRhTJt.JPG,train
images/t182/ErtgroavTP.JPG,train
images/t182/FPdqjyLwvP.JPG,train
images/t182/HkRWteAmVp.JPG,train
images/t182/PnPKKivrAS.JPG,train
images/t182/RuwpIFTavk.JPG,train
images/t182/usumdIamul.JPG,train
images/t183/AZiJeIsLbO.JPG,train
images/t183/GogbFCxQYI.JPG,train
images/t183/IdtcUrhWkL.JPG,train
images/t183/MJfYYduDoq.JPG,train
images/t183/VVVEsTYQAx.JPG,train
images/t183/XQDLgkPUzh.JPG,train
images/t183/ZfLKySCQtL.JPG,train
images/t183/gZdWloVzjB.JPG,train
images/t184/CxSsyLeTLV.JPG,train
images/t184/RwYNHGwMLV.JPG,train
images/t184/gBLtgabhkF.JPG,train
images/t184/gitGZCTMON.JPG,train
images/t184/iJLZUHCjHs.JPG,train
images/t184/oxkIBgkcUi.JPG,train
images/t184/vtyfRcwGid.JPG,train
images/t185/ERVbzfrhHz.JPG,train
images/t185/XxvfSNkxGw.JPG,train
images/t185/ijZgxDBAWn.JPG,train
images/t186/MwnzYrSXjR.JPG,train
images/t186/SNhapHyJPe.JPG,train
images/t186/XZpJsjoxWM.JPG,train
images/t186/ZgkPCOEweu.JPG,train
images/t186/dPTeEoMlnj.JPG,train
images/t186/iHQgjqjtmT.JPG,train
images/t186/kQkWPoKxWq.JPG,train
images/t186/mwXoGIVyHC.JPG,train
images/t186/ssmHhgjdWs.JPG,train
images/t186/sxbHCOrCnu.JPG,train
images/t186/tWibtAwWoq.JPG,train
images/t189/CFZdBWSgkC.JPG,train
images/t189/EdCkUoEbgA.JPG,train
images/t189/HiUUvbKJSA.JPG,train
images/t189/HuESPAMnYW.JPG,train
images/t189/IsSodHAaEK.JPG,train
images/t189/JCMEbVwqXE.JPG,train
images/t189/JrXPzEbEtt.JPG,train
images/t189/PnFJQuDSRg.JPG,train
images/t189/PuDNpeVhTL.JPG,train
images/t189/QpzRRvSLeE.JPG,train
images/t189/QrPblkgeyB.JPG,train
images/t189/RuZZBNPunR.JPG,train
images/t189/SAGWqqDgjP.JPG,train
images/t189/SIdTVXaeTN.JPG,train
images/t189/UYPIuIcGDk.JPG,train
images/t189/XxeQfGbOfc.JPG,train
images/t189/YCenoQieFu.jpg,train
images/t189/aZvAzrcGAZ.JPG,train
images/t189/auGedysdCB.JPG,train
images/t189/ebTjHOhdnH.JPG,train
images/t189/garmZEfVMW.JPG,train
images/t189/hHazctlUWD.JPG,train
images/t189/jbVnrIEHrQ.JPG,train
images/t189/mwHXADIQWh.JPG,train
images/t189/nHCsJqAizw.JPG,train
images/t189/tWnqyigIqj.JPG,train
images/t189/wgotnKQJzX.JPG,train
images/t189/yoMrFoUJCW.JPG,train
images/t189/zQRFOCEEML.JPG,train
images/t190/HCFFrEjYfB.JPG,train
images/t190/nDtuocQQbU.JPG,train
images/t191/DhykSqutai.JPG,train
images/t191/PFywiYsQVT.JPG,train
images/t191/YddqEJzjHA.JPG,train
images/t191/lpeVRvtWvs.JPG,train
images/t191/mqVHOutWme.JPG,train
images/t191/oEfSltBVcy.JPG,train
images/t191/rdZXUyKyNK.JPG,train
images/t191/sPkEPQaCDv.jpg,train
images/t191/yUAOFNQBtx.jpg,train
images/t192/HVuooldjqb.JPG,train
images/t192/JtcAmZTzIJ.JPG,train
images/t192/RCoyooVgdJ.JPG,train
images/t192/fsywKXJUlg.JPG,train
images/t192/glHlSNUfpP.JPG,train
images/t192/tKYiFDHwag.JPG,train
images/t192/xoUWqeMQTV.JPG,train
images/t194/FpfBUJdwMO.JPG,train
images/t194/IVlUpChNKx.JPG,train
images/t194/IYhmmqqupf.JPG,train
images/t194/KPUCbseolI.JPG,train
images/t194/RiCiDcHRDe.JPG,train
images/t194/SvRguEoqWz.JPG,train
images/t194/TlypKBJOrE.JPG,train
images/t194/ahoIgGKhPZ.JPG,train
images/t194/cSLmoHPCsM.JPG,train
images/t194/ckXOPTlmdi.JPG,train
images/t194/hyHMKZWSCO.JPG,train
images/t194/nPvdiIxwFm.JPG,train
images/t194/opblPSPLOq.JPG,train
images/t194/uTGhRBmGlz.JPG,train
images/t194/xujkVFuWSw.JPG,train
images/t195/ExhZcLbrvz.JPG,train
images/t195/HnNJVejGhb.JPG,train
images/t195/IoQOcTGXJQ.JPG,train
images/t195/MFbFRnQuHI.JPG,train
images/t195/QWcHFogzuH.JPG,train
images/t195/XMGIlHSQLu.JPG,train
images/t195/kbhShqjqNO.JPG,train
images/t195/poUkikDFTw.JPG,train
images/t196/EReKMuwHhZ.JPG,train
images/t196/JhvQWbUMdF.JPG,train
images/t196/JlVYYseucX.JPG,train
images/t196/gBOFHuqWPb.JPG,train
images/t196/iDpZfPYYsv.JPG,train
images/t196/lQmKPwrlia.JPG,train
images/t196/ruoIIWxfzc.JPG,train
images/t197/ORMduxHBEl.JPG,train
images/t197/OjRdHZtasl.JPG,train
images/t197/PcOsJwlCfW.JPG,train
images/t197/RCKvMSRLrP.JPG,train
images/t197/VNhHpDdZuh.JPG,train
images/t197/XRKtbntdcb.JPG,train
images/t197/YQhYLqEMml.JPG,train
images/t197/yUIyKSOUpv.JPG,train
images/t198/SPUIYqLcbQ.JPG,train
images/t198/WRiYbGPGWL.JPG,train
images/t198/aQNZxzReZM.JPG,train
images/t199/CToefapGST.JPG,train
images/t199/ExMkUyfoDT.JPG,train
images/t199/NyknrUdkYI.JPG,train
images/t199/QNZCFSYusp.JPG,train
images/t199/YGPTUtKaOj.JPG,train
images/t199/cRncLlrDWj.JPG,train
images/t199/dKMzugDikI.JPG,train
images/t199/enmUWdTeJJ.JPG,train
images/t199/fOAmoffMUk.JPG,train
images/t199/fcBxCtAibR.JPG,train
images/t199/igusBCUIvc.JPG,train
images/t199/jSyQjnIpyA.JPG,train
images/t199/khpfaArHEw.JPG,train
images/t199/mBaHpLTWrJ.JPG,train
images/t199/oZqQZeeaIr.JPG,train
images/t199/pKWFZcFHgo.JPG,train
images/t199/qNwwTXBpco.JPG,train
images/t199/qqypLuDoly.JPG,train
images/t199/rWwnomdtfM.JPG,train
images/t199/sabuNVWjSy.JPG,train
images/t199/uGheYaHsiT.JPG,train
images/t199/uMPQVVEFtG.JPG,train
images/t199/xYPUDALNOA.JPG,train
images/t199/xyTfuTEbkl.JPG,train
images/t200/AXJrcNfeds.jpg,train
images/t200/CDhZYuWNuh.JPG,train
images/t200/DFruVYlBRX.JPG,train
images/t200/EUweaQLfFP.JPG,train
images/t200/EWtjtplGbT.JPG,train
images/t200/EftPCIFyqx.JPG,train
images/t200/FdjZnaKtLP.JPG,train
images/t200/HAfngoNMUz.JPG,train
images/t200/IDykallDiy.JPG,train
images/t200/JJhbDKWWzr.JPG,train
images/t200/JYpfTlATgy.JPG,train
images/t200/JYqhOlpTEo.JPG,train
images/t200/MKKquWOccf.JPG,train
images/t200/MoYyTnnVzT.JPG,train
images/t200/OWUkAXhyRy.JPG,train
images/t200/OcoXrGdFnr.jpg,train
images/t200/OsjCbiQALm.JPG,train
images/t200/PQOKegXica.JPG,train
images/t200/QBYIztudRE.jpg,train
images/t200/QLrrLJReer.JPG,train
images/t200/TFfdREBObh.JPG,train
images/t200/TZBBhtobLJ.jpg,train
images/t200/UyDoIRpEDC.JPG,train
images/t200/VjxpKgkTih.JPG,train
images/t200/XMyzkTlxZf.JPG,train
images/t200/XhcfszcnPZ.JPG,train
images/t200/bEZYCbzXBj.JPG,train
images/t200/cVMTIBWPph.jpg,train
images/t200/ccMXBPQXVt.JPG,train
images/t200/dvbzSSnumn.JPG,train
images/t200/enYbVuqiRa.JPG,train
images/t200/ewprHTAaQJ.jpg,train
images/t200/kingJdJOks.JPG,train
images/t200/lptutLnLYg.JPG,train
images/t200/mcaaVcWURA.JPG,train
images/t200/nnbTKjlNNa.JPG,train
images/t200/odnVvPlXLz.JPG,train
images/t200/peLgwsNFol.JPG,train
images/t200/ptRxiIqjDR.JPG,train
images/t200/sYZBjNlFeQ.JPG,train
images/t200/shhxMIzYCx.JPG,train
images/t200/tXIvQqdOjq.JPG,train
images/t200/tuoVlEYfRI.JPG,train
images/t200/xIaOQASJnJ.JPG,train
images/t200/xqqnWBlZMm.JPG,train
images/t200/zXUPihhgPF.JPG,train
images/t200/zafdCeyGaK.JPG,train
images/t201/AobNSkLGam.JPG,train
images/t201/BoeBHWWMMa.JPG,train
images/t201/CVQWbotDVB.JPG,train
images/t201/EauwMpSRGd.JPG,train
images/t201/ErLakdNNEA.JPG,train
images/t201/GmlkYBCymK.JPG,train
images/t201/IMcyvWngvf.JPG,train
images/t201/JDKofwnTzF.JPG,train
images/t201/LLbSFEAQKx.JPG,train
images/t201/LmkcQoSGIG.JPG,train
images/t201/MvLFXOGXCL.JPG,train
images/t201/MvdnLdasVb.JPG,train
images/t201/NpLfCwpJLu.JPG,train
images/t201/NzuqHflGVk.JPG,train
images/t201/OHQnVUeBID.JPG,train
images/t201/OfRAGgFFwr.JPG,train
images/t201/OkEGuobwIY.JPG,train
images/t201/RQaIYkQgTE.JPG,train
images/t201/TKEZaDvNox.JPG,train
images/t201/TRfcxevuaw.JPG,train
images/t201/UAaUlXLtxt.JPG,train
images/t201/UERffvdePL.JPG,train
images/t201/WKUbgXAFuC.JPG,train
images/t201/XVuEcEUlOB.JPG,train
images/t201/YjRqzwIGce.JPG,train
images/t201/aDfxPIIitb.JPG,train
images/t201/dANUYxzeIN.JPG,train
images/t201/dBxeKOLqcx.JPG,train
images/t201/eqDiCeAnZB.JPG,train
images/t201/fSAoJpCoKd.JPG,train
images/t201/iCzRJwDCis.JPG,train
images/t201/lmjiRhzfGh.JPG,train
images/t201/lxeHIYZEeP.JPG,train
images/t201/oPvUDJlIUi.JPG,train
images/t201/oigisMFfzm.JPG,train
images/t201/rMQyYfnrlu.JPG,train
images/t201/tGkTbyVEJT.JPG,train
images/t201/tnDbtqDcmb.JPG,train
images/t201/ukZtmsOyXV.JPG,train
images/t201/wARZncqTIj.JPG,train
images/t201/wWNDcLMvTx.JPG,train
images/t201/yGKbkMUvLi.JPG,train
images/t202/AOzVZwcgHO.JPG,train
images/t202/AXfPVKpgAM.JPG,train
images/t202/DPcpdyBHju.JPG,train
images/t202/FIWFoFBahH.JPG,train
images/t202/IiWduSvFTY.JPG,train
images/t202/MSERQfjfTk.JPG,train
images/t202/PPTUGiZGHt.JPG,train
images/t202/QmySjZogxC.JPG,train
images/t202/RaIhiJWqUT.JPG,train
images/t202/TuJwZZLkGy.JPG,train
images/t202/WkFYdBLHUo.JPG,train
images/t202/WpUYGnkURt.JPG,train
images/t202/ZgncBfLbir.JPG,train
images/t202/dTQmnYGRNr.JPG,train
images/t202/dbnuAZLHZM.JPG,train
images/t202/fsVoAGYUkQ.JPG,train
images/t202/gCRCjXsmUw.JPG,train
images/t202/jUmvatopMV.JPG,train
images/t202/jZcURfEIef.JPG,train
images/t202/mDEXVlkgPB.JPG,train
images/t202/uCahvmxkKJ.JPG,train
images/t202/vHaflqpqsN.JPG,train
images/t203/FOoZdmmdMa.JPG,train
images/t203/GGTKxWdEjj.JPG,train
images/t203/GliOKHTULY.JPG,train
images/t203/JGWpxfyzeL.JPG,train
images/t203/JKGqoQaRxr.JPG,train
images/t203/MSiXBNEvWy.JPG,train
images/t203/OeuMhnamoM.JPG,train
images/t203/OleKPCMYAX.JPG,train
images/t203/UTaxoKTZwh.JPG,train
images/t203/VymtWGvkMZ.JPG,train
images/t203/XghSfBWAwG.JPG,train
images/t203/XncJQkOUUv.JPG,train
images/t203/ZGJktRcpvG.JPG,train
images/t203/ZNbqHHguYt.JPG,train
images/t203/cssJUEBOVL.JPG,train
images/t203/emDaWMhxvc.JPG,train
images/t203/emLWxuTMgy.JPG,train
images/t203/gFDTpyJPph.JPG,train
images/t203/krPjmtoZPP.JPG,train
images/t203/oSqLZpVGCO.JPG,train
images/t203/ovsSOTEItP.jpg,train
images/t203/pjLuCCgkYB.JPG,train
images/t203/rjTVaGomet.JPG,train
images/t203/tKVPFRwmdv.JPG,train
images/t203/tRreIUlHTP.JPG,train
images/t203/uAYWZdJCAx.JPG,train
images/t203/vDXTGmqJHt.JPG,train
images/t203/xNdFDZgfWU.JPG,train
images/t203/xXLgbtjGLV.JPG,train
images/t203/yGSMEJWghB.JPG,train
images/t204/AAVOLXVRuY.JPG,train
images/t204/ALLKCHIbTu.JPG,train
images/t204/BkmXCLJsRn.JPG,train
images/t204/BxcpsRuNGN.JPG,train
images/t204/CCGbuuNZRh.JPG,train
images/t204/CTQsNDiiFA.JPG,train
images/t204/CTkkpnyEoo.JPG,train
images/t204/CUlpXSkBJv.JPG,train
images/t204/DIQxFvsEMU.JPG,train
images/t204/DhlwKSaaCa.JPG,train
images/t204/EUMbfFchMj.JPG,train
images/t204/FRJkdISWET.JPG,train
images/t204/FmaCuysqrt.JPG,train
images/t204/HPMbXKcHSX.JPG,train
images/t204/HTRlkmSKzT.JPG,train
images/t204/HtidFAamzA.JPG,train
images/t204/IUDIBNaVSe.JPG,train
images/t204/KWxUxGrgDE.JPG,train
images/t204/KzHYdiLXSA.JPG,train
images/t204/NpegFawddi.JPG,train
images/t204/NyyOusCrgJ.JPG,train
