file_name,split_open
images/t001/CAluWEgwPX.JPG,train
images/t001/EKyrFKHQzh.JPG,train
images/t001/ELAvEqeXxT.JPG,train
images/t001/IxRLFwTGCv.JPG,train
images/t001/LKCJAhfLBJ.JPG,train
images/t001/LZystXlIqe.JPG,train
images/t001/OiaMESWPyh.JPG,train
images/t001/VMyJozldvy.jpg,train
images/t001/XhbkFIOvZr.JPG,train
images/t001/ZKnMahXQgJ.JPG,train
images/t001/ZkWKNtWbVK.JPG,train
images/t001/anuJvqUqBB.JPG,train
images/t001/dLFculJDGP.JPG,train
images/t001/iiWUAXGTRk.JPG,train
images/t001/kTIpheVAuj.JPG,train
images/t001/oYBbBMeIrc.JPG,train
images/t001/rArWeMiEhi.JPG,train
images/t001/tIpzeVcJbR.JPG,train
images/t001/txgBopXzbZ.jpg,train
images/t001/uUVqsYByEj.JPG,train
images/t001/xldQLnWiRI.JPG,train
images/t001/zgOfklUqJC.JPG,train
images/t002/AWKZYHmepZ.JPG,train
images/t002/AyPUCFEHdl.JPG,train
images/t002/DrqbIVqYxx.JPG,train
images/t002/EjSeeiwrpz.JPG,train
images/t002/PnzurZBZbL.JPG,train
images/t002/SuPxFCvAob.jpg,train
images/t002/UIuKdSOZUI.JPG,train
images/t002/dFtPHvFXhQ.JPG,train
images/t002/dyrWnymJcS.jpg,train
images/t002/hPCHQNBqcs.JPG,train
images/t002/lhCREWlJLu.JPG,train
images/t002/mfzYdIbukk.jpg,train
images/t002/nbXkFSMdaZ.JPG,train
images/t002/pIHJimnzHb.JPG,train
images/t002/sSnmlGIDhj.JPG,train
images/t002/ufuwGirQLa.JPG,train
images/t002/waDhOeKzuw.jpg,train
images/t003/ETwjGRaQuO.JPG,train
images/t003/IbJfsmXgdi.jpg,train
images/t003/IsRboHQOvH.jpg,train
images/t003/JTJxSLImUS.jpg,train
images/t003/PwTyQxtigI.JPG,train
images/t003/RvpUYKwcYw.jpg,train
images/t003/SHZVAvsIpG.JPG,train
images/t003/TDVKNFzKkC.jpg,train
images/t003/UEQGSXvhff.jpg,train
images/t003/WdawXRghVK.jpg,train
images/t003/YZQHThUwDf.jpg,train
images/t003/ZToiMYHZgd.jpg,train
images/t003/aDgJZmrrTT.jpg,train
images/t003/bAsFeiqsYc.jpg,train
images/t003/fTHsesuTHC.JPG,train
images/t003/gkXVeMpaGy.JPG,train
images/t003/iNwxCyamyr.JPG,train
images/t003/qxoAjUErxq.JPG,train
images/t003/tMOUElhljO.JPG,train
images/t003/zlkamyNHCP.jpg,train
images/t004/ABuUaTxraz.jpg,train
images/t004/BaeAeoSXhY.JPG,train
images/t004/DBIYKSPapV.jpg,train
images/t004/DJCSPZOvwy.JPG,train
images/t004/DUtMXuyKUB.JPG,train
images/t004/ECpeXxeMsd.JPG,train
images/t004/ESNBlsdTpx.JPG,train
images/t004/ETeBOTKqcf.JPG,train
images/t004/GOjPAjgzIa.JPG,train
images/t004/HvWBuYopvg.JPG,train
images/t004/IMEfzVXYDG.JPG,train
images/t004/IPDPLObGot.JPG,train
images/t004/ImWKHwkZLP.jpg,train
images/t004/IrAQtrWqPb.jpg,train
images/t004/KooRzgwBTy.jpg,train
images/t004/MHGOaDZCbV.jpg,train
images/t004/MrzJgLCwXQ.jpg,train
images/t004/MzIRwubLJv.jpg,train
images/t004/NMHHaXjPLW.JPG,train
images/t004/NZesflDnhD.JPG,train
images/t004/NnzPkEXOJI.jpg,train
images/t004/OCIYGKxbXH.jpg,train
images/t004/OKKtfiJEph.JPG,train
images/t004/PxsdqRGBPt.JPG,train
images/t004/QYXkRurBBL.JPG,train
images/t004/SAVdswKblZ.JPG,train
images/t004/TNMlJNQxaz.jpg,train
images/t004/VEmdnrnZaq.jpg,train
images/t004/WdDLexzwWs.jpg,train
images/t004/WtDkexOcPu.JPG,train
images/t004/WubhiUouNb.JPG,train
images/t004/XdJuTkuhjR.jpg,train
images/t004/YrnlzGqgoP.jpg,train
images/t004/aLyJUYVQvW.jpg,train
images/t004/bvLmAVTbCI.JPG,train
images/t004/cOhVFuQqFb.JPG,train
images/t004/dINEzwvtNh.JPG,train
images/t004/dLStUgZiYK.JPG,train
images/t004/jDsPpMVIQh.jpg,train
images/t004/kKVWweSZts.JPG,train
images/t004/koFAOTQqId.jpg,train
images/t004/kqGflQwhSL.jpg,train
images/t004/lViAyETNRK.jpg,train
images/t004/lWaKTGEqNQ.jpg,train
images/t004/myJquAdOaf.JPG,train
images/t004/nEXKYosGOF.JPG,train
images/t004/onJBUEeONU.JPG,train
images/t004/pAeOVOUzVp.JPG,train
images/t004/qATtissSDz.jpg,train
images/t004/tTkLUOXcLP.JPG,train
images/t004/wLqHmKDeHY.JPG,train
images/t004/xmmXsMoazM.JPG,train
images/t004/yQKABaiVBh.JPG,train
images/t004/zUgSLZzQOb.JPG,train
images/t004/zhiLHwIChB.JPG,train
images/t004/zspGDpFCHZ.jpg,train
images/t006/IwlHBilGrP.jpg,train
images/t006/NVvCgDiDnf.jpg,train
images/t006/OftsohIPPw.jpg,train
images/t006/OkVkJUWvVm.JPG,train
images/t006/WyYFDfbwGZ.JPG,train
images/t006/dFJLspgzYe.jpg,train
images/t007/CLpmJBGkbs.JPG,train
images/t007/CzHEKFUzuc.JPG,train
images/t007/EDMZqlcNaE.JPG,train
images/t007/FFPKIUIHNz.JPG,train
images/t007/GFIBNmiBxN.JPG,train
images/t007/MlwrRPzear.jpg,train
images/t007/QHJmFYXtJo.JPG,train
images/t007/SMZJAyUsQK.jpg,train
images/t007/WlWDJkhtOV.JPG,train
images/t007/WyJWqmSOrD.JPG,train
images/t007/XHnaJnVEVV.JPG,train
images/t007/ZDGmClBeMt.JPG,train
images/t007/aAfeJIMWyq.JPG,train
images/t007/aBQqUVaFtt.JPG,train
images/t007/avmcdAulEj.JPG,train
images/t007/azzPbkqWgO.JPG,train
images/t007/dCBUzfBpsu.JPG,train
images/t007/eYdtkAdyqQ.JPG,train
images/t007/fSlnRyhNMF.JPG,train
images/t007/hSrgcUfofB.JPG,train
images/t007/itBJLpTXdb.JPG,train
images/t007/mxtsUWgyZP.JPG,train
images/t007/pBRIlcvUCQ.JPG,train
images/t007/tBBfPsgDEy.JPG,train
images/t007/tGosBfkLnc.JPG,train
images/t007/tgwcyZBmCW.JPG,train
images/t007/vOiTTqYJor.JPG,train
images/t007/vUeJgjSgvr.JPG,train
images/t008/AoWnZBhmzJ.JPG,train
images/t008/HFscFvXgkE.JPG,train
images/t008/HOtErXfaSN.JPG,train
images/t008/HRgunEBVpR.JPG,train
images/t008/KZYlaPjqgI.JPG,train
images/t008/MLIpSizqjz.JPG,train
images/t008/OaKjhEHFMX.jpg,train
images/t008/PaXakrkxqN.JPG,train
images/t008/QYYyqViFZB.JPG,train
images/t008/SnDvMSOKAL.JPG,train
images/t008/ThyeqIOoad.JPG,train
images/t008/UFBYQOLBkb.JPG,train
images/t008/UQeOYJQWeL.JPG,train
images/t008/XZZfWTTavh.JPG,train
images/t008/XrNItFREJD.JPG,train
images/t008/cqErMgVHsT.JPG,train
images/t008/fRMYzeAnNR.JPG,train
images/t008/gPXNfoQpNl.JPG,train
images/t008/iUFhSWkvnh.JPG,train
images/t008/icLogJaqir.JPG,train
images/t008/jydLvgfWLe.JPG,train
images/t008/tMLBqZQcBJ.jpg,train
images/t008/vQJyxhLvfN.JPG,train
images/t008/yIllHKfuLY.JPG,train
images/t009/DZsjswXuXw.JPG,train
images/t009/IeLnTiiBZv.JPG,train
images/t009/Tumrysvqrj.JPG,train
images/t009/UJYfdjvmbk.JPG,train
images/t009/VUcMzyxGOw.jpg,train
images/t009/VyPCpULOKW.jpg,train
images/t009/XLBwMkREyk.JPG,train
images/t009/XbeufxZcEN.JPG,train
images/t009/YFMIBcuVsf.JPG,train
images/t009/gzwUvYbPJL.JPG,train
images/t009/ilqkhWPRFn.JPG,train
images/t009/kRYDRNOubt.JPG,train
images/t009/ntmLZYFjUI.JPG,train
images/t009/pRQFUsryQe.JPG,train
images/t009/qiuOMakHda.jpg,train
images/t009/qrxJxfUwiL.jpg,train
images/t009/zFbPBYpLNM.JPG,train
images/t009/zSYibOFYSL.JPG,train
images/t011/EHJLZmdtKU.JPG,train
images/t011/RgBxTexvyE.JPG,train
images/t011/VEUvAPsCeJ.jpg,train
images/t011/fIzcwrVwwG.JPG,train
images/t011/jXMaAUSoeK.jpg,train
images/t011/luLBbWzeXj.jpg,train
images/t013/ACbKDvUxxW.JPG,train
images/t013/DQNUTnnacX.JPG,train
images/t013/FHMoYdKVUr.JPG,train
images/t013/HbnHNpSytC.JPG,train
images/t013/JBidbsXXvc.JPG,train
images/t013/JoNrTIBuFk.JPG,train
images/t013/QaQIEkSbSu.JPG,train
images/t013/SRAelbSpzx.JPG,train
images/t013/aSXFhbgKde.JPG,train
images/t013/fYnObqRhFw.JPG,train
images/t013/fcoDcPyDWG.JPG,train
images/t013/gUTDjmwAmo.JPG,train
images/t013/hCAiuoPMMM.JPG,train
images/t013/jMetZTZbwS.JPG,train
images/t013/ohnhOhmVOu.JPG,train
images/t013/pKflOWiZHw.JPG,train
images/t013/vxRVQEktRv.JPG,train
images/t013/xwvUFHmfeY.JPG,train
images/t014/EOVFsTzHGQ.jpg,train
images/t014/EPsVTebjNH.jpg,train
images/t014/EXWoBUQqIz.JPG,train
images/t014/HnaopfcuAh.JPG,train
images/t014/MXlGGggzMM.JPG,train
images/t014/MpQsCLYeYI.JPG,train
images/t014/NRaSIpdMKg.JPG,train
images/t014/NZdNiMlNvp.jpg,train
images/t014/OMKlKjgjXP.JPG,train
images/t014/PCAUwfOBTg.JPG,train
images/t014/QsUuOMMWUC.jpg,train
images/t014/XxxXoGIugj.JPG,train
images/t014/atANwmuuCz.JPG,train
images/t014/bmcTivodOh.JPG,train
images/t014/cbzvbaICnP.JPG,train
images/t014/coqFBiccSU.JPG,train
images/t014/dfxxiMUBto.jpg,train
images/t014/hFlKWntsYD.JPG,train
images/t014/hWtBSkXsmh.JPG,train
images/t014/ihMILpMXhS.JPG,train
images/t014/ildyupfVjO.jpg,train
images/t014/jUvdVfamjr.JPG,train
images/t014/myXSgZbtbV.JPG,train
images/t014/oKYSBlPEDo.JPG,train
images/t014/oZdxIRrOXD.JPG,train
images/t014/ogbBmNlFrK.JPG,train
images/t014/rREEveiEWc.jpg,train
images/t014/uZeVZuARZw.JPG,train
images/t014/uthugUiCIn.JPG,train
images/t014/vdnoNEqntY.JPG,train
images/t015/ADimiadjYJ.JPG,train
images/t015/AKUdpVWgKw.JPG,train
images/t015/EQYFaymTfa.jpg,train
images/t015/FIrdUoBeUW.JPG,train
images/t015/FdOOimmiri.JPG,train
images/t015/FpwCCsfDdP.JPG,train
images/t015/FtujhFxKeA.JPG,train
images/t015/GWtnFEikkn.JPG,train
images/t015/LEXMnoZKuf.JPG,train
images/t015/LnwrUWTYDo.JPG,train
images/t015/MFNmEDNBUK.jpg,train
images/t015/MdFUOwgQUK.JPG,train
images/t015/OWcBbazKQQ.JPG,train
images/t015/REhhdpptJO.JPG,train
images/t015/RIizUgudMh.jpg,train
images/t015/SeYPytcTDB.JPG,train
images/t015/TLlycWcrWj.JPG,train
images/t015/UPlYyFedfP.JPG,train
images/t015/UWsfuDjDeK.JPG,train
images/t015/UYpYFFfKie.JPG,train
images/t015/VFWArtizqJ.JPG,train
images/t015/XXvJVLofKC.JPG,train
images/t015/aPcSJkJSkO.JPG,train
images/t015/cafANAEduP.JPG,train
images/t015/crkOHogPwz.JPG,train
images/t015/gOqKqrOqQH.JPG,train
images/t015/hSIoWoWAEk.JPG,train
images/t015/hqnOolqbuC.JPG,train
images/t015/lUnvlnOppL.JPG,train
images/t015/noNeHwSKlN.JPG,train
images/t015/phHaHfbzWN.jpg,train
images/t015/sDqxbQhOsL.JPG,train
images/t015/uTSvPfTNkG.JPG,train
images/t015/wEfIloqbbB.JPG,train
images/t015/weeZDMCjiT.JPG,train
images/t015/zdLDspfRVp.JPG,train
images/t016/YveQpkwwCK.JPG,train
images/t016/ZRArKDikbu.JPG,train
images/t016/bdfZQQcmQa.JPG,train
images/t016/dluhVmVVbR.JPG,train
images/t016/gWBwrbTZDy.JPG,train
images/t016/tIolaEevax.JPG,train
images/t017/BOOcXBRyLd.JPG,train
images/t017/DmXkxZiqvv.JPG,train
images/t017/OpmyWiBwzv.JPG,train
images/t017/PDhvdXVarJ.JPG,train
images/t017/QpUybuiYFS.JPG,train
images/t017/SzMcvaRWjh.JPG,train
images/t017/UMgfcWLuQX.JPG,train
images/t017/XbHREWHeCp.JPG,train
images/t017/Zrivdfilmy.JPG,train
images/t017/aUdATtMOgx.JPG,train
images/t017/fDVyMRgnLy.JPG,train
images/t017/jnFfkmhfzm.JPG,train
images/t017/kXIdImcyGD.JPG,train
images/t017/pvlpeHYxKW.JPG,train
images/t017/rPoIjHRQgM.JPG,train
images/t017/vCeOnThrIP.JPG,train
images/t018/GnZhndhwsi.JPG,train
images/t018/HtQnzGbfhY.JPG,train
images/t018/NjnZjcKbQw.jpg,train
images/t018/OoCbxLygTN.JPG,train
images/t018/QAAPYCgfFA.JPG,train
images/t018/WjQvuERXEO.JPG,train
images/t018/XdHhNyEnWF.JPG,train
images/t018/XeYmLcnTlm.JPG,train
images/t018/XlmZVmlkHe.JPG,train
images/t018/eHFUlqkSdp.JPG,train
images/t018/fOJfmEmKaE.JPG,train
images/t018/gDfArvTGCV.JPG,train
images/t018/hRljZWGiQD.JPG,train
images/t018/hbwODEVftn.JPG,train
images/t018/iZiwfCAqyR.JPG,train
images/t018/jVlKbxnzlQ.JPG,train
images/t018/kHuqTGodRE.JPG,train
images/t018/kUufrZWSdT.JPG,train
images/t018/oYXQAsbJXf.JPG,train
images/t018/oaOwZjLaqA.JPG,train
images/t018/sBgNXYZCbl.JPG,train
images/t018/sSGfwFcVjn.JPG,train
images/t018/uXZRJpKqVU.jpg,train
images/t018/urhJLaPuku.jpg,train
images/t019/IGEDlUWUGW.JPG,train
images/t019/TwpuPKfrMh.JPG,train
images/t019/exFOpNbDOp.JPG,train
images/t019/fdUBLaBEvx.jpg,train
images/t019/nhTeuENuGK.JPG,train
images/t019/teAXWqmYCY.jpg,train
images/t020/ACJaeIphOE.JPG,train
images/t020/FbsvEBoCUt.JPG,train
images/t020/GsDHYeuuPQ.JPG,train
images/t020/GyPFTaovuq.JPG,train
images/t020/HLyNIwARbU.JPG,train
images/t020/HhtIXGXRcE.JPG,train
images/t020/HxoUyQpSeG.JPG,train
images/t020/JQjwvVvWvm.JPG,train
images/t020/JrTfNUunFj.JPG,train
images/t020/OUYzbRZIlf.JPG,train
images/t020/RhZiDloeso.JPG,train
images/t020/YaGEUDOxLU.JPG,train
images/t020/aHVDbxNCsM.JPG,train
images/t020/bOKksnxlvV.JPG,train
images/t020/coXvlCVKdt.JPG,train
images/t020/fGqpfwVmIK.JPG,train
images/t020/fViOzHEVZu.JPG,train
images/t020/fgszSjhoHa.JPG,train
images/t020/fkAuLEZhmK.JPG,train
images/t020/gfCYYepbkj.JPG,train
images/t020/gnmdwPpUZX.JPG,train
images/t020/hfoMHiCeuk.JPG,train
images/t020/hzpLsSfKey.JPG,train
images/t020/ikvSHveviQ.JPG,train
images/t020/jGpjnHKBOu.JPG,train
images/t020/kLtNDzZVSx.JPG,train
images/t020/owuCxsSmNZ.JPG,train
images/t020/oymadhDihf.JPG,train
images/t020/sxtrvIQYIE.JPG,train
images/t020/tENElHjbZx.JPG,train
images/t020/tSIVyrFUln.JPG,train
images/t020/ubgaYCHKme.JPG,train
images/t020/vEjqPoUWeS.JPG,train
images/t020/wPIALXtsxd.JPG,train
images/t020/xGyriPtrMU.JPG,train
images/t020/xlTXmFTvek.JPG,train
images/t021/CmYqeoluJq.jpg,train
images/t021/DRzSqEmREy.JPG,train
images/t021/EvEvHlOYDp.JPG,train
images/t021/GiqysmRyEd.JPG,train
images/t021/HIkBkzgmjp.jpg,train
images/t021/NtKUptYfgU.JPG,train
images/t021/PILmqYOdYq.JPG,train
images/t021/SBUYDJbrxc.JPG,train
images/t021/SyMkdXQDbo.JPG,train
images/t021/XjLBsBvIkG.JPG,train
images/t021/ZmVYSxQFCR.JPG,train
images/t021/cbkIIFdUbK.JPG,train
images/t021/gmwXGQmoLd.JPG,train
images/t021/oobHXCckqo.jpg,train
images/t021/sOGSAjJsTW.JPG,train
images/t021/tDVkUVHLRK.JPG,train
images/t021/uajaUWzoLe.JPG,train
images/t021/vbjsoJnfHg.JPG,train
images/t022/BMTgxSxSGr.JPG,train
images/t022/GlbieCyQhx.JPG,train
images/t022/HqltsXKZdr.JPG,train
images/t022/JVhWulvgEF.JPG,train
images/t022/PXPwSSXPor.JPG,train
images/t022/QGaEMdiNJC.JPG,train
images/t022/TIfxUrzuKP.JPG,train
images/t022/WNzLbodFhu.JPG,train
images/t022/WhiRfFPzBJ.JPG,train
images/t022/XMbSfBbZUY.JPG,train
images/t022/afcuWglSmW.JPG,train
images/t022/csLAYFcMRQ.JPG,train
images/t022/eQdIlSwMTg.JPG,train
images/t022/jHJOLeGjfM.JPG,train
images/t022/jXHCjQbeJp.JPG,train
images/t022/lzZcPjYSye.JPG,train
images/t022/rYhhhiNpvL.JPG,train
images/t022/raAMnpTUWx.JPG,train
images/t022/sreQCEYdkU.JPG,train
images/t022/wEjPYvtmBu.JPG,train
images/t022/wwaKIffzVZ.JPG,train
images/t023/AKOFtQyjtX.JPG,train
images/t023/CMTutQfpan.JPG,train
images/t023/GSCUgXKmJm.JPG,train
images/t023/GbMUtabafJ.JPG,train
images/t023/HpBIziWqan.JPG,train
images/t023/OjSobbdEHy.JPG,train
images/t023/PDTXFSeujN.JPG,train
images/t023/RRmCBXTZGC.JPG,train
images/t023/SyemTgSGfq.JPG,train
images/t023/TAuNiDHlSS.JPG,train
images/t023/UUrrYIoGTe.JPG,train
images/t023/VkVfgdYwwH.JPG,train
images/t023/WnBSPWEYqo.JPG,train
images/t023/XJuWRTgkDL.JPG,train
images/t023/XXfxGKrZdj.JPG,train
images/t023/XhwUKAINSQ.JPG,train
images/t023/YBRnhLZbtX.jpg,train
images/t023/YupQhzjVSA.JPG,train
images/t023/ZQXMXEKkaW.jpg,train
images/t023/cvtWlhGzIS.JPG,train
images/t023/ghUhbQBLTk.JPG,train
images/t023/hOkmmpVXSB.JPG,train
images/t023/ixwtgjWGyu.JPG,train
images/t023/kcTtcyegVj.JPG,train
images/t023/loNSGurkgu.JPG,train
images/t023/lyDndXWsdK.JPG,train
images/t023/nxewsVzGJq.JPG,train
images/t023/oBndAkhCVa.JPG,train
images/t023/pbbQhyoZgE.JPG,train
images/t023/qmpVGJGnJQ.JPG,train
images/t023/sXKQqnwTTb.JPG,train
images/t023/tOOcZzuFnv.JPG,train
images/t023/ymtBoqSfoQ.JPG,train
images/t024/EetSrwBlOa.JPG,train
images/t024/PnmsiooXhN.JPG,train
images/t024/UiTlZNUYjv.JPG,train
images/t024/XIbDZWSvjm.JPG,train
images/t024/awPGOnHPTI.JPG,train
images/t024/gegeBNRnzl.JPG,train
images/t024/tAKTOxddqV.JPG,train
images/t025/BbHFdSOzxP.JPG,train
images/t025/DksZgGlWRa.JPG,train
images/t025/ELHLLqXaov.JPG,train
images/t025/EXeVosOmbI.JPG,train
images/t025/EqOhlatgUK.jpg,train
images/t025/IaeLxnIJnK.JPG,train
images/t025/LpldShIxDc.JPG,train
images/t025/LqZkhawjzl.JPG,train
images/t025/NdBQPTFCSC.JPG,train
images/t025/OoTZSrLTiM.JPG,train
images/t025/RNbByBqTMF.JPG,train
images/t025/SpptFFIVBS.JPG,train
images/t025/TNUqqnDQXQ.JPG,train
images/t025/VQWmYImXNs.JPG,train
images/t025/WZyWOzeXPk.JPG,train
images/t025/XwJcUyQfBz.JPG,train
images/t025/fVZExqOGmk.JPG,train
images/t025/fxhogUBHNm.JPG,train
images/t025/hLJMncAAnV.JPG,train
images/t025/hizkUwyyHC.JPG,train
images/t025/litZGfffsv.JPG,train
images/t025/oEdwFFfTXH.JPG,train
images/t025/pnOCDsFESf.JPG,train
images/t025/ptIvGmfkHq.JPG,train
images/t025/rbjAtXwURK.JPG,train
images/t025/tIUpyqSBbY.jpg,train
images/t025/vWrYSuHipe.JPG,train
images/t025/vkdzTpAAjg.JPG,train
images/t025/vsDHXoXSMc.JPG,train
images/t025/weuDDmxeHm.JPG,train
images/t025/xLwDWGLaFH.JPG,train
images/t025/xNJkoyJeMZ.JPG,train
images/t025/zJxEjCtIhO.JPG,train
images/t026/HagbygYkHb.JPG,train
images/t026/HoDJNfupee.JPG,train
images/t026/OgPQxVJyQJ.JPG,train
images/t026/QrQBOlhisS.JPG,train
images/t026/TGWkcMDJLc.JPG,train
images/t026/YhRIyreKUF.JPG,train
images/t026/czfrKNqkgv.JPG,train
images/t026/hRSLrajsXq.JPG,train
images/t026/oaDrtNAMzp.JPG,train
images/t026/scWLTdLrLg.jpg,train
images/t027/BSKtdmcbFQ.JPG,train
images/t027/BUvOCVffWL.JPG,train
images/t027/NIDSfvqbbC.JPG,train
images/t027/SSErxDJMTK.JPG,train
images/t027/bYEEoazjaI.JPG,train
images/t027/hJQbPvExcp.JPG,train
images/t027/iaxbqPAZsa.JPG,train
images/t027/jGNxjZeHpG.JPG,train
images/t027/qWfdnlOsnv.JPG,train
images/t027/sskAnbggiE.JPG,train
images/t028/AXPeNpDdiC.JPG,train
images/t028/BBjhjfiiSm.JPG,train
images/t028/BqnVlhWbki.JPG,train
images/t028/EqMcxuBSro.JPG,train
images/t028/EwdikqJgRT.JPG,train
images/t028/GLUrylDBvm.JPG,train
images/t028/GRzvaNTdwG.JPG,train
images/t028/GjFobPimvy.jpg,train
images/t028/IFCfoFHQkk.JPG,train
images/t028/ISWUkwjPZP.JPG,train
images/t028/KitJGyhsHG.JPG,train
images/t028/KxUckXPRCp.JPG,train
images/t028/MCyYARCjZo.JPG,train
images/t028/OHinPOZnYs.JPG,train
images/t028/OLmtfXBSLD.JPG,train
images/t028/OxJoFjzBOi.JPG,train
images/t028/PXEUJQHAEz.JPG,train
images/t028/TZvYwQXldk.JPG,train
images/t028/UzHgoPrQuM.JPG,train
images/t028/WTvTGAScQA.JPG,train
images/t028/aFqVrUCwyf.JPG,train
images/t028/aQhnDQyJNZ.JPG,train
images/t028/askIoCSXFD.JPG,train
images/t028/bHoxlDQjKD.JPG,train
images/t028/bULKcpcjhV.JPG,train
images/t028/bfqKBwwfjE.JPG,train
images/t028/ehuKTMGZmQ.JPG,train
images/t028/euTZTKOriQ.JPG,train
images/t028/hbTjnbEBMg.jpg,train
images/t028/hgywyXBgXT.JPG,train
images/t028/iHkYiiAZtb.JPG,train
images/t028/iOeppUKJaV.JPG,train
images/t028/iToBMNPmTt.JPG,train
images/t028/jEbHmScvsg.JPG,train
images/t028/jeyKXBaIPt.JPG,train
images/t028/kaGoIZUqgu.JPG,train
images/t028/mNxlvhlCvo.JPG,train
images/t028/ojlDwPjAay.JPG,train
images/t028/ozzByXwqMg.JPG,train
images/t028/rDnKHrMiFD.JPG,train
images/t028/sSdpISXDna.JPG,train
images/t028/uCkZalDodp.JPG,train
images/t028/ufeeKhuLcI.JPG,train
images/t028/vEoYsIBZay.JPG,train
images/t028/vIxOiyXAZg.JPG,train
images/t028/vgoEruSMDG.JPG,train
images/t028/vuvkjKxrlJ.JPG,train
images/t028/wzDfpPvrbe.JPG,train
images/t028/xDZyZERFmC.JPG,train
images/t028/xHIbKgbEJx.JPG,train
images/t029/OCLeOhgKSo.JPG,train
images/t029/QJqSSYqHpc.JPG,train
images/t029/RmCzKoStgT.JPG,train
images/t029/UGHfNpxYIz.JPG,train
images/t029/ZlWvEqpTZy.JPG,train
images/t029/dlXtYobIuB.JPG,train
images/t029/fqKHYAzQBb.JPG,train
images/t029/kkhbMIPOsj.JPG,train
images/t029/tuYJpCLsNl.JPG,train
images/t029/wNZIYSiTYN.jpg,train
images/t029/wxvXvYsHZa.JPG,train
images/t029/xzPRcMLxJu.JPG,train
images/t031/QuewwmqyZj.JPG,train
images/t031/YOjYHJCtot.JPG,train
images/t031/emlcbTMHgx.JPG,train
images/t032/CyURzGuJKh.JPG,train
images/t032/JTJKQFRXOp.JPG,train
images/t032/LTDoDQNflu.JPG,train
images/t032/LfYoVdnJnv.JPG,train
images/t032/QMcXOxsUtT.JPG,train
images/t032/RREaEUkiZS.JPG,train
images/t032/RvfaEJkePb.JPG,train
images/t032/SRHvTKWSyV.JPG,train
images/t032/aOLVtaQzri.JPG,train
images/t032/evyGuCgwCE.JPG,train
images/t032/fkCJiGTmMn.JPG,train
images/t032/munMxJWBmv.JPG,train
images/t032/rOUHvVlBMw.JPG,train
images/t033/EPdYwOtObe.JPG,train
images/t033/HndKumhhuv.JPG,train
images/t033/JBiIkfJBlG.JPG,train
images/t033/JavIrZBgAX.JPG,train
images/t033/KCTBcCUCQf.JPG,train
images/t033/MjYzXFYVGd.JPG,train
images/t033/RWypKwckej.JPG,train
images/t033/SZIUeRMqMI.JPG,train
images/t033/TqqQUxiAPG.JPG,train
images/t033/VgJKJalOog.JPG,train
images/t033/WNOroinJzJ.JPG,train
images/t033/YpbwRvMprh.JPG,train
images/t033/aAIPugFRGe.JPG,train
images/t033/bhdKiPuSGC.JPG,train
images/t033/cQtIxlWHdY.JPG,train
images/t033/cdTmwoHhGv.JPG,train
images/t033/hieyMvTvor.JPG,train
images/t033/jwjxRnRklT.JPG,train
images/t033/kciAvlvnta.JPG,train
images/t033/ktCkrXiCsw.JPG,train
images/t033/kuOrOJtPCQ.JPG,train
images/t033/lsghZlRXBn.JPG,train
images/t033/mDyNQNuXIc.JPG,train
images/t033/oSkneAMVzJ.JPG,train
images/t033/pHIZpByTcU.JPG,train
images/t033/rgohKdlotu.JPG,train
images/t033/tHYpHzvePo.JPG,train
images/t033/uqxmQngBQI.JPG,train
images/t033/usliSYKffD.jpg,train
images/t033/wBKHxrSHZK.JPG,train
images/t033/wrtqLAynfk.JPG,train
images/t033/xiagOhUAkp.jpg,train
images/t033/xkjKzkSodI.JPG,train
images/t033/xmdLyFYPlz.JPG,train
images/t034/BSdVtWJuQe.JPG,train
images/t034/BVMbfkXJwK.JPG,train
images/t034/BlLnLbnRPy.JPG,train
images/t034/DNDMRhEBjv.JPG,train
images/t034/DURGyFpgTH.JPG,train
images/t034/FzsVfbrYse.JPG,train
images/t034/NYPdmfWjBi.JPG,train
images/t034/NrAPqJCGHZ.JPG,train
images/t034/OZIUJLykMl.JPG,train
images/t034/VINpCPoMzY.JPG,train
images/t034/VPjrxipRZp.JPG,train
images/t034/WYDQLqHgXh.JPG,train
images/t034/YIaQzHHtPC.JPG,train
images/t034/auJyslAJoR.JPG,train
images/t034/bePNsedWVN.JPG,train
images/t034/cPnGecmGuE.JPG,train
images/t034/cdYONfvqlM.jpg,train
images/t034/ghuRGkzucS.JPG,train
images/t034/kSvcEvDWnI.JPG,train
images/t034/lWlswmVxJZ.JPG,train
images/t034/nXyGAKmfhY.JPG,train
images/t034/oALcXrhvLV.jpg,train
images/t034/oVqrUEhSWZ.JPG,train
images/t034/oucuQvfZQY.JPG,train
images/t034/pFFQTuryfU.jpg,train
images/t034/qikotaqqSM.JPG,train
images/t035/CPxzjJuzhw.JPG,train
images/t035/DUHqFQWouM.JPG,train
images/t035/DbrCioVoBk.JPG,train
images/t035/EWuYaiYPNG.JPG,train
images/t035/FrlSzeWpSn.JPG,train
images/t035/GkMoXAMkDI.JPG,train
images/t035/IHCQjAYwuw.JPG,train
images/t035/LaZZBQNJiM.JPG,train
images/t035/RDWbsUmhCb.JPG,train
images/t035/RPeMtmyFNi.JPG,train
images/t035/SSzGieISEf.JPG,train
images/t035/UGcjbzjDhs.JPG,train
images/t035/UOOuySEZjD.JPG,train
images/t035/XTvmTVfQjV.JPG,train
images/t035/YwgrkRxGfp.JPG,train
images/t035/ZqRNPCrGVh.JPG,train
images/t035/aEiORyRgtJ.JPG,train
images/t035/ayXqBTysMM.JPG,train
images/t035/azbypNZKRX.JPG,train
images/t035/cavtYWkIuv.JPG,train
images/t035/gVXtNjbsxt.JPG,train
images/t035/hbinabCdte.JPG,train
images/t035/jXNXQIJsLS.JPG,train
images/t035/okhifZdEre.JPG,train
images/t035/riTJuGnYvh.JPG,train
images/t035/rzsskpglKl.JPG,train
images/t035/sKWiXbmWEp.JPG,train
images/t035/uDqbCUtIYX.JPG,train
images/t035/wQpdERoAeu.JPG,train
images/t035/zoORlZrYkT.JPG,train
images/t036/CsYTFslMsv.JPG,train
images/t036/MhmHIiOJWG.JPG,train
images/t036/PoKaQKdwcM.JPG,train
images/t036/WhaxiWlgpa.JPG,train
images/t036/cXhjoIcRqn.JPG,train
images/t036/ykUwfIcaax.JPG,train
images/t037/JpTWfkZlZp.JPG,train
images/t037/LnxiRjHBnl.JPG,train
images/t037/QqSAUnpEvT.JPG,train
images/t037/SlLnLPoDgz.JPG,train
images/t037/TXNRBHxKRk.JPG,train
images/t037/TsfEkDrDmm.JPG,train
images/t037/UPkhRUklmT.JPG,train
images/t037/VyPTbjOmqr.JPG,train
images/t037/YAUbbfaTYO.JPG,train
images/t037/YLJUhRLaMo.JPG,train
images/t037/bQRdTxEInM.jpg,train
images/t037/dbeQtkcsZR.JPG,train
images/t037/fbpwUZKUZB.JPG,train
images/t037/pvzhywLtCH.JPG,train
images/t037/tKHQtYRakh.JPG,train
images/t038/AhjgEdRXDk.JPG,train
images/t038/AqCcfvYejn.JPG,train
images/t038/CdBOktNCMA.JPG,train
images/t038/FaOJysALij.JPG,train
images/t038/GQHcyYapzc.JPG,train
images/t038/JgDaKUOfrP.JPG,train
images/t038/KizkvsNWKg.JPG,train
images/t038/LIOtyXrlLG.JPG,train
images/t038/LJLBKuXMrP.JPG,train
images/t038/LdvImjneex.JPG,train
images/t038/LztwxyCHwz.JPG,train
images/t038/PFiqDpihKq.JPG,train
images/t038/RSIWQHouus.JPG,train
images/t038/SUzfjBpipv.JPG,train
images/t038/UgavPnBDoo.JPG,train
images/t038/XGeJuzoFAk.JPG,train
images/t038/XYCYjrYcsE.JPG,train
images/t038/YJLxyXnxVK.JPG,train
images/t038/avpQfkeVJV.JPG,train
images/t038/baDumrrvtd.JPG,train
images/t038/dqfAsgwpKj.JPG,train
images/t038/fIStzDeTot.JPG,train
images/t038/fxMnWaVgNP.JPG,train
images/t038/gzQiEhLCDm.JPG,train
images/t038/kIucZYjYog.JPG,train
images/t038/kpsCwoJBgc.JPG,train
images/t038/lIIHWImTqb.JPG,train
images/t038/lWvGqFCogJ.JPG,train
images/t038/mkAhgTyIdI.JPG,train
images/t038/rKnXtAZmMa.JPG,train
images/t038/sHRqHpLgBP.JPG,train
images/t038/sblLpbMuaV.JPG,train
images/t038/svfiHrZXih.JPG,train
images/t038/tTFCpdRcys.JPG,train
images/t038/uHxbYeNSBq.JPG,train
images/t038/uXzUcoLRiK.JPG,train
images/t038/vHHTXHoqHg.JPG,train
images/t038/viTPjPRtnG.JPG,train
images/t038/wRsYXLDTsb.JPG,train
images/t038/xIqxUAjJUg.JPG,train
images/t038/xvkgnkhFMl.JPG,train
images/t038/zHosMxXcGH.JPG,train
images/t040/EkAGjrIHPI.JPG,train
images/t040/FEXWHoiyta.JPG,train
images/t040/GyaZSGVAOZ.JPG,train
images/t040/IvVmvOgeit.JPG,train
images/t040/IwajByhqGq.JPG,train
images/t040/LSVflCTFJp.JPG,train
images/t040/LcjJSloFfX.JPG,train
images/t040/MECXQQPKYm.JPG,train
images/t040/MPMoUfvXmY.JPG,train
images/t040/OiKAOxcpPA.JPG,train
images/t040/RRcqjcOWDO.JPG,train
images/t040/SqZHOtWaMc.JPG,train
images/t040/VvXOSEdOoH.JPG,train
images/t040/aPJEVhNoao.JPG,train
images/t040/auRYRfexBR.JPG,train
images/t040/bAKLPHnmdR.JPG,train
images/t040/bnAhraEWDw.JPG,train
images/t040/dhZovtZBla.JPG,train
images/t040/epGNzzIXIz.JPG,train
images/t040/fUPSkXQlIC.JPG,train
images/t040/iuoRyjykUo.JPG,train
images/t040/kRPJBpmkvn.JPG,train
images/t040/kupesydpQl.JPG,train
images/t040/lGqtxlcoEz.JPG,train
images/t040/lSCfJjDrRO.jpg,train
images/t040/lhUFieyovy.JPG,train
images/t040/luAJJeDOAx.JPG,train
images/t040/mJNBFwidAf.JPG,train
images/t040/mudjODZnOV.JPG,train
images/t040/mzGxsYyYZv.JPG,train
images/t040/rruOxbzKue.JPG,train
images/t040/rtYLUgwcgi.JPG,train
images/t040/tFBfMDrNlv.jpg,train
images/t040/uttyaAsieC.JPG,train
images/t040/woqcnKApsx.JPG,train
images/t040/yzdIrPXfCt.JPG,train
images/t040/zKLROYorHb.JPG,train
images/t040/zyloHpmTYL.JPG,train
images/t041/cbTRlTixru.JPG,train
images/t041/jQNDjrAeKZ.JPG,train
images/t042/CoxZEtKVTi.JPG,train
images/t042/FMhOAKciRZ.JPG,train
images/t042/GALqLrJUDw.JPG,train
images/t042/OGgVbbuzhR.JPG,train
images/t042/OyAbHopICB.JPG,train
images/t042/RQEldnLDvK.JPG,train
images/t042/dXbMNDfmef.JPG,train
images/t042/eMLiOFGTMk.JPG,train
images/t042/kwLhglbKFj.JPG,train
images/t042/oCtzKbNIDT.JPG,train
images/t042/wSIwwpgLRD.JPG,train
images/t043/BnsytRqeLH.JPG,train
images/t043/CBshkAJsnY.JPG,train
images/t043/ClHUMEIbVh.JPG,train
images/t043/DVZPbbaYAm.JPG,train
images/t043/EyUZEljvSU.JPG,train
images/t043/FNuoAZrYuW.JPG,train
images/t043/GNgvihdYAJ.JPG,train
images/t043/GepjJmKxHz.JPG,train
images/t043/GqbarlIoDO.JPG,train
images/t043/IIGqpDYOAd.JPG,train
images/t043/JFZqdyhhdg.JPG,train
images/t043/JRGGZFGhLV.JPG,train
images/t043/PGyOTusSNl.JPG,train
images/t043/PPKwyrYegN.JPG,train
images/t043/PWkgFuzDhN.JPG,train
images/t043/QdrzfHnBbF.JPG,train
images/t043/SVoNMykDnO.JPG,train
images/t043/VZkBVVlmnX.JPG,train
images/t043/WuKVBHUgeC.JPG,train
images/t043/XfzTqldKdr.JPG,train
images/t043/bJEZPVVhZx.JPG,train
images/t043/cVzlebHnQC.JPG,train
images/t043/dykJNnITYm.JPG,train
images/t043/gPRwQiBYCq.JPG,train
images/t043/kCzWUDdfHe.JPG,train
images/t043/neJyTTktDZ.JPG,train
images/t043/pBQGTRwYlg.JPG,train
images/t043/rFXLYiXNRK.JPG,train
images/t043/vpLAjGjBCv.JPG,train
images/t043/yLuBDvbvkx.JPG,train
images/t044/QYWALlhjXn.JPG,train
images/t044/SjzpbFHSFy.JPG,train
images/t044/noRVasxzEO.JPG,train
images/t045/FKbulpBoEj.JPG,train
images/t045/UkHUAmphUp.JPG,train
images/t045/WBqRtlIdJF.JPG,train
images/t045/WVcTeKIClE.JPG,train
images/t045/pEIAGBIzYH.JPG,train
images/t046/AnmwSUazHH.JPG,train
images/t046/CMJAcUxFIB.JPG,train
images/t046/UJVOrddPYA.JPG,train
images/t046/ZCpLbxprGL.JPG,train
images/t046/ZGlgcMAxpi.JPG,train
images/t046/aGuKZZYyxh.JPG,train
images/t046/ucZJXHdsDY.JPG,train
images/t048/AHzXGRWzlN.jpg,train
images/t048/ASJDBfiBYc.JPG,train
images/t048/BEryEDJQAk.jpg,train
images/t048/BJuxmBvSSE.JPG,train
images/t048/BKSZniWdEy.JPG,train
images/t048/BMvHuSLlYN.JPG,train
images/t048/CFuVsVFzKf.JPG,train
images/t048/CtauHRrgot.JPG,train
images/t048/FCTlpBFSfj.jpg,train
images/t048/FNDamgHFpm.JPG,train
images/t048/GGFuewkPMQ.JPG,train
images/t048/GOdOXanXoP.JPG,train
images/t048/GpPqxHEOVF.JPG,train
images/t048/HWWiNnnYRl.JPG,train
images/t048/HycLOuBCqn.jpg,train
images/t048/IBogSabGGD.JPG,train
images/t048/IYNvLUBxGx.jpg,train
images/t048/JKimzJfOKn.JPG,train
images/t048/JQhIxffpuv.JPG,train
images/t048/JWJpbdSucQ.JPG,train
images/t048/KJIJNvYcoe.JPG,train
images/t048/KvSnygwpaX.JPG,train
images/t048/LdeSHqHpbL.JPG,train
images/t048/LkLBgQkGVt.JPG,train
images/t048/NmFwsNvcUr.JPG,train
images/t048/NotfSUpmHj.jpg,train
images/t048/NpwMflcTHg.JPG,train
images/t048/OAqhURAJjD.JPG,train
images/t048/OfJbuTQHQu.JPG,train
images/t048/OhxWPTmjwf.JPG,train
images/t048/PUzUpHlSev.JPG,train
images/t048/PvqFaiRzDB.JPG,train
images/t048/QMCfjJFEdN.JPG,train
images/t048/QjALZlEmvj.JPG,train
images/t048/QnQwwNIpWD.JPG,train
images/t048/QwXmuiQYjD.JPG,train
images/t048/RUzEhDsttB.JPG,train
images/t048/RlptkjRsfr.jpg,train
images/t048/TEqNnxdjrh.JPG,train
images/t048/TEuZJwCNfH.JPG,train
images/t048/TnZfjuLrGY.JPG,train
images/t048/TnbElSmZQG.jpg,train
images/t048/TveWtLlWAA.JPG,train
images/t048/URjLXHQaDz.JPG,train
images/t048/UvRPLGIEBP.JPG,train
images/t048/VeXXvksIMh.JPG,train
images/t048/WGayocKSJu.jpg,train
images/t048/XCNHvIPGJQ.JPG,train
images/t048/XFXJhMutci.JPG,train
images/t048/XSpbkIMiRm.jpg,train
images/t048/XThIyWbMoh.JPG,train
images/t048/XspvGaOxhD.jpg,train
images/t048/XzqhpnBWDV.jpg,train
images/t048/YNAtYHoreo.JPG,train
images/t048/YPKqQBSjqa.JPG,train
images/t048/YlLmFlCgdW.JPG,train
images/t048/YzNxqCaqHs.jpg,train
images/t048/ZDHLTeMACk.JPG,train
images/t048/ZRMCGlFizy.JPG,train
images/t048/aNhmbWsaSZ.jpg,train
images/t048/beUGceuhek.JPG,train
images/t048/cKooapbuuh.JPG,train
images/t048/cMFAwnBoCL.JPG,train
images/t048/dnRsnSmiMo.JPG,train
images/t048/dowjNKdHPz.JPG,train
images/t048/drvUNyOsQa.JPG,train
images/t048/eEOijawoxb.JPG,train
images/t048/fKHniZssjc.JPG,train
images/t048/fbsHjZZkXy.JPG,train
images/t048/foutjTHQCN.JPG,train
images/t048/gOiSYbTyXG.JPG,train
images/t048/gWJqWOuXHd.JPG,train
images/t048/gbAcaknfIL.JPG,train
images/t048/hbelkEljve.jpg,train
images/t048/hkvXtkRfDm.jpg,train
images/t048/hyuQUipqbC.JPG,train
images/t048/hzQgvtzVGz.JPG,train
images/t048/ipGWbzpTuk.JPG,train
images/t048/jSmmKNGooB.JPG,train
images/t048/joOJMFOVLD.JPG,train
images/t048/jzAuTdIDMx.JPG,train
images/t048/lQCDrndQJr.JPG,train
images/t048/lvIyKCDzIV.JPG,train
images/t048/mNLJQzGENB.JPG,train
images/t048/mZuhSpBekg.JPG,train
images/t048/mzQXwjqsWm.jpg,train
images/t048/nYpnIiToNz.JPG,train
images/t048/nefmiNSceF.JPG,train
images/t048/nlpWKlHZrk.JPG,train
images/t048/ptSSuGWyUr.JPG,train
images/t048/qgGoTOLmLY.JPG,train
images/t048/rRrFxJEsCo.JPG,train
images/t048/rSdFyOPxie.JPG,train
images/t048/roYdcrqJOg.JPG,train
images/t048/rrerfuAMUO.jpg,train
images/t048/sCPqtIYvrO.JPG,train
images/t048/sMvFLtXVPq.JPG,train
images/t048/snoVBVdFkS.JPG,train
images/t048/soIgDSwkoc.JPG,train
images/t048/suAvwfJzBk.JPG,train
images/t048/swwjvjMrSb.JPG,train
images/t048/tBhbyTfTxc.JPG,train
images/t048/tfECnGXhqX.JPG,train
images/t048/uGsDuCXNHt.JPG,train
images/t048/vEcpNUvDqm.jpg,train
images/t048/vhpGSEQkdC.JPG,train
images/t048/vyloIJVmHH.JPG,train
images/t048/wRAZXRFYgM.JPG,train
images/t048/xYxrduCUst.JPG,train
images/t048/xmEpBuWrIY.JPG,train
images/t048/xqeOseIkin.JPG,train
images/t048/yMGQeVwovA.JPG,train
images/t048/ySTlXbCkkr.JPG,train
images/t048/zHjBqdXizK.JPG,train
images/t048/zTzQdAtPmq.JPG,train
images/t048/zewQAGjePe.JPG,train
images/t048/zxdQOvQIvQ.JPG,train
images/t048/zzahdDYCMv.jpg,train
images/t049/FidCuREizj.JPG,train
images/t049/GpgiKqocAz.JPG,train
images/t049/IwxBonEuhK.JPG,train
images/t049/JVorPCdIDK.JPG,train
images/t049/KmbWjYqwOe.JPG,train
images/t049/QFTRDKXTZZ.JPG,train
images/t049/UvFuXiHrCi.JPG,train
images/t049/lVIRMQeadR.JPG,train
images/t049/ngfZWMwgkC.JPG,train
images/t050/COWJZwUlCa.JPG,train
images/t050/KntSwKdEeT.JPG,train
images/t050/TASkhycbJK.jpg,train
images/t050/TKVTdxPjDx.JPG,train
images/t050/aKBvxKQbJf.JPG,train
images/t050/hKfirBgUGk.JPG,train
images/t050/iUYYvjXJuU.JPG,train
images/t050/mJLupnMzST.JPG,train
images/t051/CcUeOOFzdD.JPG,train
images/t051/PAqcAkuplA.JPG,train
images/t051/PmQHEmXoQR.JPG,train
images/t051/WUcxzyTQVK.JPG,train
images/t051/cOroAElFCe.JPG,train
images/t051/onospMudAq.JPG,train
images/t052/BDXDtrInAG.JPG,train
images/t052/CwywvJKQoV.JPG,train
images/t052/DpoueGWnGt.JPG,train
images/t052/JnonCSXhIC.JPG,train
images/t052/MEsqZvGFFx.JPG,train
images/t052/QXIpRRrjnS.JPG,train
images/t052/SUnmVIkpFy.JPG,train
images/t052/VvqxfnPTZS.JPG,train
images/t052/ZWdoBtOtHP.JPG,train
images/t052/aEHTBlWWJe.JPG,train
images/t052/fcXDJHeMpX.JPG,train
images/t052/htLXqRsymX.JPG,train
images/t052/jAPKAMviAP.JPG,train
images/t052/jSZnyaElUS.JPG,train
images/t052/lIgcCgaPNP.JPG,train
images/t052/oTLLYDQmzJ.JPG,train
images/t052/rPjjcOutJd.JPG,train
images/t052/uhZsqYvQHN.JPG,train
images/t053/KRzxxHWfTj.JPG,train
images/t053/gFDqNJLTUE.JPG,train
images/t053/qsjLjsOfGU.JPG,train
images/t055/UEGGleIMTZ.JPG,train
images/t055/dIPFmHmwjH.JPG,train
images/t055/tyNQDsyNXX.JPG,train
images/t055/wVgBalTDiy.JPG,train
images/t056/FaWAzdiGBE.JPG,train
images/t056/OvOyPdtycA.JPG,train
images/t056/TtLqCOOUhn.JPG,train
images/t056/UzXfQyEBMQ.JPG,train
images/t056/cGZNOWiQyl.JPG,train
images/t056/itCQLrXAsY.JPG,train
images/t056/kcaeujnCZq.JPG,train
images/t056/ocXTgpCApq.JPG,train
images/t056/tIldIbwrCs.JPG,train
images/t056/uaMYLWcnxU.JPG,train
images/t056/uxgXThwxtt.JPG,train
images/t056/ycZWAgmrIM.JPG,train
images/t057/FBoINIwRBg.JPG,train
images/t057/RLgTtMpoDf.JPG,train
images/t057/VOsVSXtqsQ.JPG,train
images/t057/YTgiMOBCAZ.JPG,train
images/t057/lvmLlwacOk.JPG,train
images/t057/onnKASZOCU.JPG,train
images/t058/EPpYWrUOwe.JPG,train
images/t058/NjvKnJnCID.JPG,train
images/t058/OqsoHmgUBs.JPG,train
images/t058/bxypOuNran.JPG,train
images/t058/frxPqsVqzV.JPG,train
images/t058/kdOBbOxCTT.JPG,train
images/t058/pPSSzhCvHW.JPG,train
images/t058/wVCwFLCsGC.JPG,train
images/t059/eQvGkMlFiW.JPG,train
images/t059/waTLbxjRoy.JPG,train
images/t059/yDHnTfvWPW.JPG,train
images/t060/AaUjYXPVOK.JPG,train
images/t060/WsVFtFETtQ.JPG,train
images/t060/jiyVbvrkGb.JPG,train
images/t061/ApBnESWKKX.JPG,train
images/t061/DlLsjMSnPc.JPG,train
images/t061/LBTYSTFczc.JPG,train
images/t061/NbySDmKSuR.JPG,train
images/t061/aowsNYnQMG.JPG,train
images/t061/iEotnBqiTh.JPG,train
images/t061/mPYebbjbfd.JPG,train
images/t062/ChhkqrTSaP.JPG,train
images/t062/DuyrDpLEEi.JPG,train
images/t062/OSzpLHotfx.JPG,train
images/t062/QPypKNPUsE.JPG,train
images/t062/RPaiouSTDG.JPG,train
images/t062/UfFdHgnHku.JPG,train
images/t062/XPVihOzuVh.JPG,train
images/t062/aRdugAFBCF.JPG,train
images/t062/dlTvPcvMeI.JPG,train
images/t062/eWhiMoboTh.JPG,train
images/t062/gmDFFoLgsA.JPG,train
images/t062/ilckZhhsxn.JPG,train
images/t062/mGVBqxzzBu.JPG,train
images/t062/mRbBzIjcum.JPG,train
images/t062/nqqZwWpuVx.JPG,train
images/t062/qIIQCChfEQ.JPG,train
images/t062/qWpflZyLfO.JPG,train
images/t062/sRrcLPwhaZ.JPG,train
images/t062/sadgyRUsll.JPG,train
images/t062/tFitRjDCzn.JPG,train
images/t062/wgbhAUQLwU.JPG,train
images/t062/xfoVbASwLD.JPG,train
images/t063/AGSyRUClGX.JPG,train
images/t063/AZskqnscnD.JPG,train
images/t063/CVXIFXXSds.JPG,train
images/t063/DNZouWDqMA.JPG,train
images/t063/HsMzvzPwJZ.JPG,train
images/t063/IHEnIwQrlm.JPG,train
images/t063/IgMcdCepAd.JPG,train
images/t063/JPIXZWTVWm.JPG,train
images/t063/JYYqjrHcUY.JPG,train
images/t063/JsppYTtmZI.JPG,train
images/t063/LGhVKUPlzU.JPG,train
images/t063/LiXkhDveKN.JPG,train
images/t063/MSMFgPUPII.JPG,train
images/t063/McLmkICktN.JPG,train
images/t063/NXhxyqZnKl.JPG,train
images/t063/OImOjxPENR.JPG,train
images/t063/OZRnOVYStf.JPG,train
images/t063/OoZnTqBPdi.JPG,train
images/t063/PDFKKNXgGn.JPG,train
images/t063/PkkNbTvNGf.JPG,train
images/t063/PvpgIZaind.JPG,train
images/t063/SxVgQCuIfg.JPG,train
images/t063/TGOIPbofxS.JPG,train
images/t063/TWBmKXEltW.JPG,train
images/t063/UYMIWkHKaY.JPG,train
images/t063/UdGkexEMbW.JPG,train
images/t063/VlASlxlTPW.JPG,train
images/t063/WHPxaLzMIF.JPG,train
images/t063/ZAbXAEdhYa.JPG,train
images/t063/ZLTqNiLQND.JPG,train
images/t063/ZoqCeSLtnp.JPG,train
images/t063/bBXLVrJUsq.JPG,train
images/t063/bOkquUKxpi.JPG,train
images/t063/eKdxTnHmyz.JPG,train
images/t063/gVFFCSRBKa.JPG,train
images/t063/hpYKJNtyEo.JPG,train
images/t063/iiPpPIoPSm.JPG,train
images/t063/jWAUBNclMz.JPG,train
images/t063/jjFpyWAEIe.JPG,train
images/t063/laVjTkLnwM.JPG,train
images/t063/lgmsGijjhJ.JPG,train
images/t063/lzarPPKpDK.JPG,train
images/t063/ngVXbqVxQZ.JPG,train
images/t063/ntuLywcZnk.JPG,train
images/t063/oMTNGwOGCi.JPG,train
images/t063/omdudxOELb.JPG,train
images/t063/qUcmglSeOH.JPG,train
images/t063/qkRlpKUpjU.JPG,train
images/t063/qmmkPyyAxN.JPG,train
images/t063/qwMHHallvt.JPG,train
images/t063/rQxGnNBgXq.JPG,train
images/t063/sFldixTmWf.JPG,train
images/t063/uzVdSXnzwv.JPG,train
images/t063/vLRKxSzFGG.JPG,train
images/t063/vTktwJMdYq.JPG,train
images/t063/vUITKRNvDX.JPG,train
images/t063/wzQUtpGzze.JPG,train
images/t063/xTqgihAdTK.JPG,train
images/t063/yDukWOTdog.JPG,train
images/t063/ymleSIxnRy.JPG,train
images/t063/zvHwUeVuNk.JPG,train
images/t064/BLhqoLEzAa.JPG,train
images/t064/CauOUhofLb.JPG,train
images/t064/DISTYEABzX.JPG,train
images/t064/GbqnmMBLua.JPG,train
images/t064/NrOrtEmoDj.JPG,train
images/t064/OoPPzQtQZr.JPG,train
images/t064/PnFkOEAZEV.JPG,train
images/t064/PzwDqZpaIN.JPG,train
images/t064/RHNelbYLuT.JPG,train
images/t064/XGqkOjoJgA.JPG,train
images/t064/YGMYpZEzSS.JPG,train
images/t064/adGkmUhGcw.JPG,train
images/t064/ayRobhClKZ.JPG,train
images/t064/azDszcGGAM.JPG,train
images/t064/bPpyvHSQXc.JPG,train
images/t064/cCAOBmPGwD.JPG,train
images/t064/cuIUoIbZLv.JPG,train
images/t064/fBLcozhUqE.JPG,train
images/t064/kNqJOJhcUy.JPG,train
images/t064/oqBArtZlxu.JPG,train
images/t064/trVhaLOaQD.JPG,train
images/t064/wfbNCKDCue.JPG,train
images/t064/ytefWzQUtc.JPG,train
images/t065/BcWzLtEmKH.JPG,train
images/t065/DqrqCtMVpE.jpg,train
images/t065/FDERTlcnkb.jpg,train
images/t065/HLkkXkZVjB.JPG,train
images/t065/IYKVORtLxY.JPG,train
images/t065/LPtLYjMZsP.JPG,train
images/t065/MDRUPDDDMu.JPG,train
images/t065/NAOaoduXzn.JPG,train
images/t065/OfjfhcvGxb.JPG,train
images/t065/PKDdFUQQAf.JPG,train
images/t065/PLxXyLmbYT.JPG,train
images/t065/PiLbwbPihj.JPG,train
images/t065/TNJmcbYGhV.JPG,train
images/t065/bsbGLWviMb.JPG,train
images/t065/iiPyZrrQCV.JPG,train
images/t065/lQeanpbJDy.jpg,train
images/t065/meYgVBKvxp.jpg,train
images/t065/nmnHnoWtFu.JPG,train
images/t065/tTjOEvoylb.JPG,train
images/t066/NSvZkaaYMz.JPG,train
images/t066/RxfGDBHgLm.JPG,train
images/t066/ddviirCfaH.JPG,train
images/t066/nNOKSsFLcw.JPG,train
images/t066/nvLUSgnCcb.JPG,train
images/t066/vNpWoSYDXA.JPG,train
images/t067/AoZALlVciF.JPG,train
images/t067/EBnGktUcqM.JPG,train
images/t067/GArmioptYo.JPG,train
images/t067/HBeqVpRlPU.JPG,train
images/t067/HblOlLuIqU.JPG,train
images/t067/OIardQZQeq.JPG,train
images/t067/RkvewmSjYX.JPG,train
images/t067/TjzJuWrStS.JPG,train
images/t067/VCfLLBYhis.JPG,train
images/t067/dzjtxBMImx.JPG,train
images/t067/eoMElRvjfQ.JPG,train
images/t067/fGRffBFwAb.JPG,train
images/t067/hPfmekOkCe.JPG,train
images/t067/jrmksxkSiL.JPG,train
images/t067/kHoqIgwitu.JPG,train
images/t067/lLgZoKWplx.JPG,train
images/t067/lclNtIUCVx.JPG,train
images/t067/mmWGLwhNhx.JPG,train
images/t067/nOkTffsWIP.JPG,train
images/t067/oknGDvBFTh.JPG,train
images/t067/pcDKYGxunR.JPG,train
images/t067/rJQRizAiUh.JPG,train
images/t067/rLLiPoEuZJ.JPG,train
images/t067/rMIsGEnjtB.JPG,train
images/t067/tFCsyIdERg.JPG,train
images/t067/wIVMElDmNT.JPG,train
images/t067/xaaBbvtdNx.JPG,train
images/t067/xgplITDliP.JPG,train
images/t068/EeYlxHUrph.JPG,train
images/t068/GaQeZnTHqb.JPG,train
images/t068/MnZAHrfxhQ.JPG,train
images/t068/PXOokaIqrA.JPG,train
images/t068/PyRKaSPSVt.JPG,train
images/t068/ULGzgxWSkp.jpg,train
images/t068/VhUonbBaMY.JPG,train
images/t068/WMhPbvJmjk.JPG,train
images/t068/WxkdixgJXP.JPG,train
images/t068/bcnNeSqlBL.JPG,train
images/t068/kIxdRmIvTH.JPG,train
images/t068/kUkMQtbKUJ.JPG,train
images/t068/rpAzUTcVqA.jpg,train
images/t068/yKWUlcvEzl.JPG,train
images/t068/yKrgsPyERt.JPG,train
images/t068/zFXmLUhscz.jpg,train
images/t069/BnVUFZIQvx.JPG,train
images/t069/BxaHZzaiOH.JPG,train
images/t069/DwchoYLbMY.JPG,train
images/t069/EfQZvoSJtS.JPG,train
images/t069/EkRYazajwc.JPG,train
images/t069/MOaJlCNDwd.JPG,train
images/t069/MtbkfzCsQS.JPG,train
images/t069/NPCscKeLUF.JPG,train
images/t069/RuHvJjrllV.JPG,train
images/t069/XPxCRuZYJn.JPG,train
images/t069/deiqyzTjkU.JPG,train
images/t069/jGthNCQKZG.JPG,train
images/t069/lEWeSTHMjK.JPG,train
images/t069/puYkCbHxTv.JPG,train
images/t069/yILveftZJP.JPG,train
images/t069/yxCYWQnxwM.JPG,train
images/t070/AHmeYdbiKe.JPG,train
images/t070/HouGLrMZjh.JPG,train
images/t070/IMKRJeglEY.JPG,train
images/t070/IPaMJGUNSG.JPG,train
images/t070/IynknilMHd.JPG,train
images/t070/NBbPfbYGeY.JPG,train
images/t070/SsFWkYjBGn.JPG,train
images/t070/bKfvflyfbJ.JPG,train
images/t070/dUIytWsPxw.JPG,train
images/t070/gLoamXlVBD.JPG,train
images/t070/hURyIdLRwM.JPG,train
images/t070/lUNBrWGniq.JPG,train
images/t070/oazTjuAdCP.jpg,train
images/t070/rnZHeKTbjy.jpg,train
images/t070/vKHJbhkbEY.JPG,train
images/t070/xvkHwnfxgi.JPG,train
images/t071/EGyxCZjqhC.JPG,train
images/t071/FttnDAHRdy.JPG,train
images/t071/QVjFMTWWDj.JPG,train
images/t071/SYWsAdLmRE.JPG,train
images/t071/VhslbGUgts.JPG,train
images/t071/hjaiOnjEZG.JPG,train
images/t071/zQrLcZREeZ.JPG,train
images/t073/IVHRuccmoD.JPG,train
images/t073/PgucAHsWHS.jpg,train
images/t073/TMqAzUAYaL.jpg,train
images/t073/ZWoYbfoGPr.JPG,train
images/t073/eQAfUxLnIa.JPG,train
images/t073/idjcrRADWF.JPG,train
images/t073/qvJAkAdsmb.jpg,train
images/t073/rvqMXqGrOk.JPG,train
images/t073/tItIScjVgT.JPG,train
images/t073/vtwbTXqupH.JPG,train
images/t073/yRekmbHdHE.JPG,train
images/t073/zMrzxrvOQG.JPG,train
images/t073/zcvaTFaqCs.jpg,train
images/t074/AnjFYXvkuV.JPG,train
images/t074/BxGyBDQHDK.JPG,train
images/t074/DDbjoxyist.JPG,train
images/t074/DOdFxQKRzD.JPG,train
images/t074/GKkGEqCWmz.JPG,train
images/t074/LihAFBocwW.JPG,train
images/t074/OyCciwBbES.JPG,train
images/t074/VKsGOtygoE.JPG,train
images/t074/ZZKpGmJMwz.JPG,train
images/t074/htlgvlIaTI.JPG,train
images/t074/jQpYNCnCWl.JPG,train
images/t074/nSjvppKXSz.JPG,train
images/t074/rQCvSefSeB.JPG,train
images/t075/ABsMUmMvpa.JPG,train
images/t075/AwDblCjcOR.JPG,train
images/t075/BFgoBmtUki.JPG,train
images/t075/DBeXbusGWL.JPG,train
images/t075/FBKEiontAp.JPG,train
images/t075/FjvSfowVvL.JPG,train
images/t075/HxZfemvFns.JPG,train
images/t075/IrhIYHfwxw.JPG,train
images/t075/JvGCdBwTlA.jpg,train
images/t075/NgPzNnudHN.JPG,train
images/t075/NrSAuvMSKU.JPG,train
images/t075/NsodhvozLI.JPG,train
images/t075/PKtDSrBpHb.JPG,train
images/t075/aoBhntSpEL.JPG,train
images/t075/duBWFIYGJK.JPG,train
images/t075/eSyWQrSclZ.JPG,train
images/t075/eaKbuYiggQ.JPG,train
images/t075/ezhRwjJMKR.JPG,train
images/t075/hUZqbqWViN.jpg,train
images/t075/kiueLhYeTf.JPG,train
images/t075/loCDXFpaNj.JPG,train
images/t075/mLKLQsweAU.JPG,train
images/t075/mUhZyiHmPz.JPG,train
images/t075/mcrjiMHKcQ.JPG,train
images/t075/oZOwytFqET.JPG,train
images/t075/surgovllYH.JPG,train
images/t075/uxlUxmieBu.JPG,train
images/t075/vNrcrmkQvL.JPG,train
images/t075/xzKeFISUbR.JPG,train
images/t075/zskXpDpgdn.JPG,train
images/t076/CfQjnlmClr.JPG,train
images/t076/DlaKQzVKIZ.JPG,train
images/t076/IOlcTBwKlF.JPG,train
images/t076/KBvwpgQYqU.JPG,train
images/t076/MDTquRbhsb.JPG,train
images/t076/MVtpFzLiib.JPG,train
images/t076/SfZqchvxPR.JPG,train
images/t076/UgENrynSqU.jpg,train
images/t076/XNQlnxBFvC.JPG,train
images/t076/ZrLUNnADUD.JPG,train
images/t076/cSIAIIvXYz.jpg,train
images/t076/fjVKpQChlq.jpg,train
images/t076/gBzYcdKdKZ.JPG,train
images/t076/nvwKsQKhvW.JPG,train
images/t076/qvYpgBXdaq.JPG,train
images/t076/rddxrGjqcB.JPG,train
images/t076/sQDjRKBycc.JPG,train
images/t076/wMIbSQHzsY.JPG,train
images/t076/zkGEzcuZZB.JPG,train
images/t077/CTjurjxUJr.JPG,train
images/t077/DCkKgEJUwN.JPG,train
images/t077/DpQPJtAWMa.JPG,train
